{
  "acc": 0.7226277372262774,
  "agr": 0.4245863005677854,
  "models_acc": 0.7956204379562044,
  "models_agr": 0.5608507386653082
}