{
  "acc": 0.6581508515815084,
  "agr": 0.2999727715185946,
  "models_acc": 0.6423357664233577,
  "models_agr": 0.285389466204814
}