{
  "acc": 0.5900243309002433,
  "agr": 0.14655338760547554,
  "models_acc": 0.6958637469586375,
  "models_agr": 0.3709583499341077
}