{
  "acc": 0.6399026763990268,
  "agr": 0.21634868778332272,
  "models_acc": 0.7226277372262774,
  "models_agr": 0.3266231149994244
}