{
  "acc": 0.7907542579075426,
  "agr": 0.5696800606267517,
  "models_acc": 0.8686131386861314,
  "models_agr": 0.7227322759793866
}