{
  "acc": 0.745742092457421,
  "agr": 0.45995959147660564,
  "models_acc": 0.681265206812652,
  "models_agr": 0.3312378358547702
}