{
  "acc": 0.6654501216545012,
  "agr": 0.3106990041777568,
  "models_acc": 0.6131386861313869,
  "models_agr": 0.22692574189995085
}