{
  "acc": 0.6411192214111923,
  "agr": 0.11058908373402804,
  "models_acc": 0.6715328467153284,
  "models_agr": -0.051395884914198
}