{
  "acc": 0.5644768856447688,
  "agr": -0.13710285108174391,
  "models_acc": 0.878345498783455,
  "models_agr": 0.07361437082505862
}