{
  "acc": 0.6228710462287105,
  "agr": 0.19823583742239392,
  "models_acc": 0.6788321167883211,
  "models_agr": 0.24553049289891393
}