{
  "acc": 0.8065693430656935,
  "agr": 0.6032917913690751,
  "models_acc": 0.8564476885644768,
  "models_agr": 0.7007444475334383
}