{
  "acc": 0.6897810218978102,
  "agr": 0.3640185296485069,
  "models_acc": 0.7153284671532847,
  "models_agr": 0.418966737438075
}