{
  "acc": 0.7007299270072993,
  "agr": 0.35519804508862535,
  "models_acc": 0.8394160583941606,
  "models_agr": 0.6120704467353952
}