{
  "acc": 0.6338199513381995,
  "agr": 0.23956954015861587,
  "models_acc": 0.7104622871046229,
  "models_agr": 0.38366862860134876
}