{
  "acc": 0.5802919708029197,
  "agr": 0.032026679118312584,
  "models_acc": 0.7493917274939172,
  "models_agr": 0.18205735841756543
}