{
  "acc": 0.5632603406326033,
  "agr": 0.10502379292325492,
  "models_acc": 0.6277372262773723,
  "models_agr": 0.23283680536470075
}