{
  "acc": 0.6824817518248175,
  "agr": 0.3233072084455953,
  "models_acc": 0.5255474452554745,
  "models_agr": 0.050427943557714516
}