{
  "acc": 0.6472019464720195,
  "agr": 0.2168332760039528,
  "models_acc": 0.732360097323601,
  "models_agr": 0.2928620646454523
}