{
  "acc": 0.6119221411192215,
  "agr": 0.1796557965376004,
  "models_acc": 0.656934306569343,
  "models_agr": 0.23851967820235365
}