{
  "acc": 0.5827250608272506,
  "agr": 0.1291992962170742,
  "models_acc": 0.7250608272506083,
  "models_agr": 0.41474415993237324
}