{
  "acc": 0.4975669099756691,
  "agr": -0.012545969456837114,
  "models_acc": 0.5450121654501217,
  "models_agr": 0.08486871516704919
}