{
  "acc": 0.6253041362530414,
  "agr": 0.22613038769089394,
  "models_acc": 0.6545012165450121,
  "models_agr": 0.28050014811889
}