{
  "acc": 0.5559610705596107,
  "agr": -0.20288553893786565,
  "models_acc": 0.9294403892944039,
  "models_agr": 0.08557053423973571
}