{
  "acc": 0.6143552311435523,
  "agr": 0.11378739028984386,
  "models_acc": 0.7834549878345499,
  "models_agr": 0.3068575277232325
}