{
  "acc": 0.5644768856447688,
  "agr": 0.11515591811446102,
  "models_acc": 0.51338199513382,
  "models_agr": 0.004558901983607311
}