{
  "acc": 0.7311435523114356,
  "agr": 0.43452837174176945,
  "models_acc": 0.8175182481751825,
  "models_agr": 0.59632744842235
}