{
  "acc": 0.6605839416058394,
  "agr": 0.2980736298616461,
  "models_acc": 0.6034063260340633,
  "models_agr": 0.18269542009441975
}