{
  "acc": 0.608272506082725,
  "agr": -0.007451239613161353,
  "models_acc": 0.8345498783454988,
  "models_agr": 0.0994321847980385
}