{
  "acc": 0.7579075425790753,
  "agr": 0.49949684775857495,
  "models_acc": 0.8321167883211679,
  "models_agr": 0.6397680230450791
}