{
  "acc": 0.6642335766423357,
  "agr": 0.2693498985362513,
  "models_acc": 0.6447688564476886,
  "models_agr": 0.20740319509098604
}