{
  "acc": 0.667883211678832,
  "agr": 0.3360225637681668,
  "models_acc": 0.9391727493917275,
  "models_agr": 0.8768132903605275
}