{
  "acc": 0.8065693430656935,
  "agr": 0.608167555867283,
  "models_acc": 0.8321167883211679,
  "models_agr": 0.6587512424324569
}