{
  "acc": 0.6800486618004866,
  "agr": 0.35990338352751616,
  "models_acc": 0.6326034063260341,
  "models_agr": 0.264358744607497
}