{
  "acc": 0.5450121654501217,
  "agr": 0.0815370069734156,
  "models_acc": 0.7177615571776156,
  "models_agr": 0.4325515992182659
}