{
  "acc": 0.7043795620437956,
  "agr": 0.38101759026245136,
  "models_acc": 0.7591240875912408,
  "models_agr": 0.48454830833623996
}