{
  "acc": 0.5948905109489051,
  "agr": 0.11182332426248431,
  "models_acc": 0.6666666666666666,
  "models_agr": 0.19277004672125853
}