{
  "acc": 0.6824817518248175,
  "agr": 0.3472889222644904,
  "models_acc": 0.6326034063260341,
  "models_agr": 0.24786288487790087
}