{
  "acc": 0.6873479318734793,
  "agr": 0.36036875497120696,
  "models_acc": 0.6909975669099757,
  "models_agr": 0.35968483821244557
}