{
  "acc": 0.7299270072992701,
  "agr": 0.41738537694665406,
  "models_acc": 0.8199513381995134,
  "models_agr": 0.5692183334278745
}