{
  "acc": 0.6459854014598541,
  "agr": 0.22327647877857765,
  "models_acc": 0.8126520681265207,
  "models_agr": 0.5126544708866225
}