{
  "acc": 0.5717761557177615,
  "agr": -0.19027653072151718,
  "models_acc": 0.9902676399026764,
  "models_agr": 0.7730790491984522
}