{
  "acc": 0.5267639902676399,
  "agr": -0.20301564807768502,
  "models_acc": 0.0681265206812652,
  "models_agr": -0.8615237069093105
}