{
  "acc": 0.7846715328467153,
  "agr": 0.5627516125381401,
  "models_acc": 0.8369829683698297,
  "models_agr": 0.6667797452098112
}