{
  "acc": 0.5474452554744526,
  "agr": 0.0784681223196581,
  "models_acc": 0.48418491484184917,
  "models_agr": -0.03790191775593943
}