{
  "acc": 0.5669099756690997,
  "agr": -0.08016074121956462,
  "models_acc": 0.8102189781021898,
  "models_agr": 0.0464860035735557
}