{
  "acc": 0.6496350364963503,
  "agr": 0.24432224260586782,
  "models_acc": 0.7518248175182481,
  "models_agr": 0.38820864991233195
}