{
  "acc": 0.6776155717761557,
  "agr": 0.2917778186386517,
  "models_acc": 0.5206812652068127,
  "models_agr": 0.0028360573870046535
}