{
  "acc": 0.6180048661800486,
  "agr": 0.21655966693160672,
  "models_acc": 0.6253041362530414,
  "models_agr": 0.21469565217391295
}