{
  "acc": 0.7956204379562044,
  "agr": 0.5697064989517819,
  "models_acc": 0.975669099756691,
  "models_agr": 0.9447033784147852
}