{
  "acc": 0.548661800486618,
  "agr": -0.1680527750000952,
  "models_acc": 0.8856447688564477,
  "models_agr": 0.19302758433193223
}