{
  "acc": 0.7408759124087592,
  "agr": 0.4418954893543318,
  "models_acc": 0.7591240875912408,
  "models_agr": 0.45567602681471464
}