{
  "acc": 0.6909975669099757,
  "agr": 0.36737096887225296,
  "models_acc": 0.7177615571776156,
  "models_agr": 0.4243471953578337
}