{
  "acc": 0.6374695863746959,
  "agr": 0.2592644941265631,
  "models_acc": 0.7128953771289538,
  "models_agr": 0.4175204425204425
}