{
  "acc": 0.6301703163017032,
  "agr": 0.24219672930348224,
  "models_acc": 0.7274939172749392,
  "models_agr": 0.4484380248572388
}