{
  "acc": 0.694647201946472,
  "agr": 0.38627480129673847,
  "models_acc": 0.6131386861313869,
  "models_agr": 0.22676088875199174
}