{
  "acc": 0.5012165450121655,
  "agr": -0.169244482194696,
  "models_acc": 0.15328467153284672,
  "models_agr": -0.6914606422279057
}