{
  "acc": 0.6167883211678832,
  "agr": 0.03589197967005603,
  "models_acc": 0.8272506082725061,
  "models_agr": 0.18561828520334744
}