{
  "acc": 0.5729927007299269,
  "agr": 0.07262770507620919,
  "models_acc": 0.49148418491484186,
  "models_agr": -0.0410374639769453
}