{
  "acc": 0.8102189781021898,
  "agr": 0.6036046809164971,
  "models_acc": 0.9075425790754258,
  "models_agr": 0.795813916959003
}