{
  "acc": 0.7652068126520681,
  "agr": 0.5151824675454599,
  "models_acc": 0.8856447688564477,
  "models_agr": 0.7559406723380032
}