{
  "acc": 0.5815085158150851,
  "agr": -0.08546073397077492,
  "models_acc": 0.9902676399026764,
  "models_agr": 0.9281714785651793
}