{
  "acc": 0.4610705596107056,
  "agr": -0.13532009839855386,
  "models_acc": 0.36496350364963503,
  "models_agr": -0.279465240003105
}