{
  "acc": 0.6265206812652069,
  "agr": 0.11743626156791503,
  "models_acc": 0.8321167883211679,
  "models_agr": 0.39635569289786354
}