{
  "acc": 0.7226277372262774,
  "agr": 0.4053900166963268,
  "models_acc": 0.7761557177615572,
  "models_agr": 0.47180419580419586
}