{
  "acc": 0.656934306569343,
  "agr": 0.27720577908959704,
  "models_acc": 0.5279805352798054,
  "models_agr": 0.05665719023927973
}