{
  "acc": 0.5705596107055961,
  "agr": 0.12922729470615052,
  "models_acc": 0.43309002433090027,
  "models_agr": -0.1432695238493673
}