{
  "acc": 0.6727493917274939,
  "agr": 0.2556420599717677,
  "models_acc": 0.6131386861313869,
  "models_agr": 0.09320838861604497
}