{
  "acc": 0.5888077858880778,
  "agr": 0.03180273111439891,
  "models_acc": 0.7858880778588808,
  "models_agr": 0.21633113502256152
}