{
  "acc": 0.6240875912408759,
  "agr": 0.2187410490397388,
  "models_acc": 0.6618004866180048,
  "models_agr": 0.26373413678974433
}