{
  "acc": 0.6021897810218979,
  "agr": 0.15243890259736276,
  "models_acc": 0.6909975669099757,
  "models_agr": 0.3043162059555502
}