{
  "acc": 0.6094890510948905,
  "agr": 0.08630007935966566,
  "models_acc": 0.7883211678832117,
  "models_agr": 0.25613147124066604
}