{
  "acc": 0.5401459854014599,
  "agr": 0.004468778801478113,
  "models_acc": 0.6496350364963503,
  "models_agr": 0.12706007442849554
}