{
  "acc": 0.7700729927007299,
  "agr": 0.5162452763528015,
  "models_acc": 0.8661800486618005,
  "models_agr": 0.6964512594365306
}