{
  "acc": 0.6289537712895377,
  "agr": 0.17140197009478053,
  "models_acc": 0.7688564476885644,
  "models_agr": 0.3708913750131072
}