{
  "acc": 0.6034063260340633,
  "agr": 0.17737152281167007,
  "models_acc": 0.7420924574209246,
  "models_agr": 0.44105179323810506
}