{
  "acc": 0.6399026763990268,
  "agr": 0.26141971327634805,
  "models_acc": 0.635036496350365,
  "models_agr": 0.23509316770186328
}