{
  "acc": 0.6484184914841848,
  "agr": 0.23554661084615514,
  "models_acc": 0.7980535279805353,
  "models_agr": 0.48695612892539586
}