{
  "acc": 0.5620437956204379,
  "agr": -0.20891088078588083,
  "models_acc": 0.9610705596107056,
  "models_agr": 0.25363636363636366
}