{
  "acc": 0.5778588807785888,
  "agr": -0.021039221353942095,
  "models_acc": 0.7980535279805353,
  "models_agr": 0.14945641998577086
}