{
  "acc": 0.7944038929440389,
  "agr": 0.5637170759451713,
  "models_acc": 0.9099756690997567,
  "models_agr": 0.7899021336929833
}