{
  "acc": 0.6909975669099757,
  "agr": 0.3334439128276853,
  "models_acc": 0.7761557177615572,
  "models_agr": 0.44527027027027033
}