{
  "acc": 0.5571776155717761,
  "agr": -0.21792245429097823,
  "models_acc": 0.9464720194647201,
  "models_agr": 0.05691311612364247
}