{
  "acc": 0.6581508515815085,
  "agr": 0.3135926626840195,
  "models_acc": 0.6909975669099757,
  "models_agr": 0.3809733015905056
}