{
  "acc": 0.656934306569343,
  "agr": 0.23840387369207394,
  "models_acc": 0.9513381995133819,
  "models_agr": 0.865224243220172
}