{
  "acc": 0.5924574209245742,
  "agr": 0.13415459168001076,
  "models_acc": 0.5644768856447688,
  "models_agr": 0.11473148399144606
}