{
  "acc": 0.5705596107055961,
  "agr": -0.1331197620948562,
  "models_acc": 0.8953771289537713,
  "models_agr": 0.06795680756131695
}