{
  "acc": 0.5827250608272505,
  "agr": 0.1267972491211375,
  "models_acc": 0.5206812652068127,
  "models_agr": 0.0406887429788193
}