{
  "acc": 0.6605839416058394,
  "agr": 0.30274708389727734,
  "models_acc": 0.6277372262773723,
  "models_agr": 0.25291280324973087
}