{
  "acc": 0.559610705596107,
  "agr": -0.14327044026529223,
  "models_acc": 0.8978102189781022,
  "models_agr": 0.2458005249343832
}