{
  "acc": 0.7895377128953771,
  "agr": 0.5672942869293267,
  "models_acc": 0.8905109489051095,
  "models_agr": 0.7686672302056917
}