{
  "acc": 0.6459854014598541,
  "agr": 0.23491718427809338,
  "models_acc": 0.7737226277372263,
  "models_agr": 0.43774162904924263
}