{
  "acc": 0.6289537712895377,
  "agr": 0.187624964943381,
  "models_acc": 0.6861313868613139,
  "models_agr": 0.1835380096671987
}