{
  "acc": 0.5644768856447688,
  "agr": -0.10031479971763535,
  "models_acc": 0.8734793187347932,
  "models_agr": 0.2643369175627239
}