{
  "acc": 0.6216545012165451,
  "agr": 0.13996773666374435,
  "models_acc": 0.7785888077858881,
  "models_agr": 0.3288687668993272
}