{
  "acc": 0.6958637469586375,
  "agr": 0.32807047981032583,
  "models_acc": 0.8102189781021898,
  "models_agr": 0.4920521606700933
}