{
  "acc": 0.781021897810219,
  "agr": 0.550245221874532,
  "models_acc": 0.8686131386861314,
  "models_agr": 0.7233827493261455
}