{
  "acc": 0.6119221411192215,
  "agr": 0.15519067873217451,
  "models_acc": 0.7299270072992701,
  "models_agr": 0.3177642857677594
}