{
  "acc": 0.7287104622871046,
  "agr": 0.43328711563399364,
  "models_acc": 0.7104622871046229,
  "models_agr": 0.4011523491372705
}