{
  "acc": 0.6873479318734793,
  "agr": 0.36221706319198177,
  "models_acc": 0.5936739659367397,
  "models_agr": 0.18802892388233827
}