{
  "acc": 0.7408759124087592,
  "agr": 0.4387034344614606,
  "models_acc": 0.7883211678832117,
  "models_agr": 0.5059860981429609
}