{
  "acc": 0.5997566909975669,
  "agr": 0.171809774013799,
  "models_acc": 0.6666666666666666,
  "models_agr": 0.28276825170098396
}