{
  "acc": 0.6873479318734793,
  "agr": 0.3287214090132378,
  "models_acc": 0.7347931873479319,
  "models_agr": 0.3545457823938837
}