{
  "acc": 0.5948905109489051,
  "agr": 0.10450956394085875,
  "models_acc": 0.7737226277372263,
  "models_agr": 0.3883000456653929
}