{
  "acc": 0.6277372262773723,
  "agr": 0.19270498058372298,
  "models_acc": 0.7956204379562044,
  "models_agr": 0.4961718293395675
}