{
  "acc": 0.6119221411192215,
  "agr": 0.11385271641056866,
  "models_acc": 0.7834549878345499,
  "models_agr": 0.33200164556383416
}