{
  "acc": 0.5693430656934306,
  "agr": -0.10041118607873867,
  "models_acc": 1.0,
  "models_agr": 1.0
}