{
  "acc": 0.41119221411192214,
  "agr": -0.1867937674326734,
  "models_acc": 0.6593673965936739,
  "models_agr": 0.294812015313635
}