{
  "acc": 0.8090024330900243,
  "agr": 0.6087802160141169,
  "models_acc": 0.8953771289537713,
  "models_agr": 0.7814394056647578
}