{
  "acc": 0.6253041362530414,
  "agr": 0.17029969015617902,
  "models_acc": 0.708029197080292,
  "models_agr": 0.24734140080674727
}