{
  "acc": 0.7287104622871046,
  "agr": 0.43392651392571613,
  "models_acc": 0.8759124087591241,
  "models_agr": 0.727304698948191
}