{
  "acc": 0.6642335766423357,
  "agr": 0.2982540588901192,
  "models_acc": 0.805352798053528,
  "models_agr": 0.568689256632519
}