{
  "acc": 0.5997566909975669,
  "agr": 0.027149130112846365,
  "models_acc": 0.7834549878345499,
  "models_agr": 0.13855059478195264
}