{
  "acc": 0.6143552311435523,
  "agr": 0.19695234928648958,
  "models_acc": 0.6131386861313869,
  "models_agr": 0.19834558484865228
}