{
  "acc": 0.656934306569343,
  "agr": 0.21218502779524456,
  "models_acc": 0.8004866180048662,
  "models_agr": 0.3583002897666615
}