{
  "acc": 0.46958637469586373,
  "agr": -0.2054313854243366,
  "models_acc": 0.24087591240875914,
  "models_agr": -0.5220326092123402
}