{
  "acc": 0.6618004866180048,
  "agr": 0.2815476030363267,
  "models_acc": 0.708029197080292,
  "models_agr": 0.32294243773709386
}