{
  "acc": 0.6228710462287105,
  "agr": 0.21381971925573517,
  "models_acc": 0.8345498783454988,
  "models_agr": 0.635815676860453
}