{
  "acc": 0.5291970802919708,
  "agr": 0.044610244416697864,
  "models_acc": 0.49635036496350365,
  "models_agr": -0.0177381201904363
}