{
  "acc": 0.6654501216545012,
  "agr": 0.3109669031239127,
  "models_acc": 0.6618004866180048,
  "models_agr": 0.28878765027390507
}