{
  "acc": 0.6776155717761557,
  "agr": 0.3557337574744848,
  "models_acc": 0.9586374695863747,
  "models_agr": 0.9159242191500256
}