{
  "acc": 0.6192214111922141,
  "agr": 0.034455064599830054,
  "models_acc": 0.8369829683698297,
  "models_agr": 0.18865141525436224
}