{
  "acc": 0.6216545012165451,
  "agr": 0.16766675870536718,
  "models_acc": 0.9732360097323601,
  "models_agr": 0.9286002292761988
}