{
  "acc": 0.6167883211678833,
  "agr": 0.12990985067257932,
  "models_acc": 0.7493917274939172,
  "models_agr": 0.23373234140108912
}