{
  "acc": 0.4221411192214112,
  "agr": -0.26089886121352157,
  "models_acc": 0.3844282238442822,
  "models_agr": -0.24262220547150282
}