{
  "acc": 0.6313868613138687,
  "agr": 0.164224568372757,
  "models_acc": 0.6520681265206812,
  "models_agr": 0.09492973164658458
}