{
  "acc": 0.5498783454987834,
  "agr": -0.07754844840287567,
  "models_acc": 0.708029197080292,
  "models_agr": -0.04373251970505976
}