{
  "acc": 0.5717761557177615,
  "agr": -0.1659031228874276,
  "models_acc": 0.9416058394160584,
  "models_agr": 0.2205696202531645
}