{
  "acc": 0.7019464720194647,
  "agr": 0.3214583650074332,
  "models_acc": 0.7980535279805353,
  "models_agr": 0.43459646036790267
}