{
  "acc": 0.6240875912408759,
  "agr": 0.2029676240578046,
  "models_acc": 0.6958637469586375,
  "models_agr": 0.33376396580042456
}