{
  "acc": 0.8138686131386861,
  "agr": 0.6137491987350844,
  "models_acc": 0.8953771289537713,
  "models_agr": 0.7735898669232002
}