{
  "acc": 0.708029197080292,
  "agr": 0.371165411527008,
  "models_acc": 0.7566909975669099,
  "models_agr": 0.4122279495990836
}