{
  "acc": 0.5231143552311436,
  "agr": -0.0015532043089553915,
  "models_acc": 0.537712895377129,
  "models_agr": -0.035130328608589556
}