{
  "acc": 0.8272506082725061,
  "agr": 0.6454003797297204,
  "models_acc": 0.9124087591240876,
  "models_agr": 0.8160109561752988
}