{
  "acc": 0.5401459854014599,
  "agr": -0.1460817544749896,
  "models_acc": 0.8588807785888077,
  "models_agr": 0.26278796135744364
}