{
  "acc": 0.6326034063260341,
  "agr": 0.1425513961273484,
  "models_acc": 0.9951338199513382,
  "models_agr": 0.9829950289975145
}