{
  "acc": 0.5900243309002433,
  "agr": 0.11798350248534273,
  "models_acc": 0.7007299270072993,
  "models_agr": 0.32371869998191816
}