{
  "acc": 0.6496350364963503,
  "agr": 0.24918646846269726,
  "models_acc": 0.7761557177615572,
  "models_agr": 0.45924971363115696
}