{
  "acc": 0.6776155717761557,
  "agr": 0.3169328700846537,
  "models_acc": 0.8321167883211679,
  "models_agr": 0.6131087753805806
}