{
  "acc": 0.5413625304136254,
  "agr": -0.010058272377112987,
  "models_acc": 0.6618004866180048,
  "models_agr": 0.09776653358105702
}