{
  "acc": 0.670316301703163,
  "agr": 0.31484847786917075,
  "models_acc": 0.7347931873479319,
  "models_agr": 0.42437847747081336
}