{
  "acc": 0.6386861313868613,
  "agr": 0.1063924754092539,
  "models_acc": 0.5547445255474452,
  "models_agr": -0.21186187760633035
}