{
  "acc": 0.6909975669099757,
  "agr": 0.378260576457948,
  "models_acc": 0.6399026763990268,
  "models_agr": 0.28047278412051735
}