{
  "acc": 0.4902676399026764,
  "agr": -0.02402163161465054,
  "models_acc": 0.49148418491484186,
  "models_agr": -0.015890589384565335
}