{
  "acc": 0.6715328467153284,
  "agr": 0.3291731074079322,
  "models_acc": 0.7761557177615572,
  "models_agr": 0.5420970949124594
}