{
  "acc": 0.7725060827250608,
  "agr": 0.5184879222658252,
  "models_acc": 0.8905109489051095,
  "models_agr": 0.7497036008265303
}