{
  "acc": 0.608272506082725,
  "agr": 0.10771552868218814,
  "models_acc": 0.31873479318734793,
  "models_agr": -0.3745515426931356
}