{
  "acc": 0.5620437956204379,
  "agr": -0.2010495530742149,
  "models_acc": 0.9367396593673966,
  "models_agr": 0.03985246491543715
}