{
  "acc": 0.670316301703163,
  "agr": 0.3353333705440207,
  "models_acc": 0.6909975669099757,
  "models_agr": 0.38274696455739665
}