{
  "acc": 0.5109489051094891,
  "agr": -0.006242105701754985,
  "models_acc": 0.5523114355231143,
  "models_agr": 0.07820356358310954
}