{
  "acc": 0.7858880778588808,
  "agr": 0.5531526780902936,
  "models_acc": 0.8491484184914841,
  "models_agr": 0.6690204952143155
}