{
  "acc": 0.6119221411192214,
  "agr": 0.2091063384611772,
  "models_acc": 0.6423357664233577,
  "models_agr": 0.266630206909124
}