{
  "acc": 0.5559610705596107,
  "agr": 0.07975204544856285,
  "models_acc": 0.6034063260340633,
  "models_agr": 0.17658025732059235
}