{
  "acc": 0.7226277372262774,
  "agr": 0.39632566261083796,
  "models_acc": 0.8004866180048662,
  "models_agr": 0.5029092090495599
}