{
  "acc": 0.7968369829683699,
  "agr": 0.5728336985631293,
  "models_acc": 0.8905109489051095,
  "models_agr": 0.7534978682519666
}