{
  "acc": 0.5218978102189781,
  "agr": 0.03513388886146657,
  "models_acc": 0.5498783454987834,
  "models_agr": 0.09225381153591006
}