{
  "acc": 0.6618004866180048,
  "agr": 0.2055113212157656,
  "models_acc": 0.8540145985401459,
  "models_agr": 0.47200308694906534
}