{
  "acc": 0.6386861313868613,
  "agr": 0.09170134214254944,
  "models_acc": 0.6180048661800487,
  "models_agr": -0.17837911962334863
}