{
  "acc": 0.6301703163017032,
  "agr": 0.1397870351577566,
  "models_acc": 0.8199513381995134,
  "models_agr": 0.38443300640350164
}