{
  "acc": 0.6484184914841848,
  "agr": 0.25395153484912725,
  "models_acc": 0.7737226277372263,
  "models_agr": 0.47191617387695817
}