{
  "acc": 0.781021897810219,
  "agr": 0.5476670956440997,
  "models_acc": 0.8734793187347932,
  "models_agr": 0.7296194963773623
}