{
  "acc": 0.6143552311435523,
  "agr": 0.1865604849690613,
  "models_acc": 0.583941605839416,
  "models_agr": 0.09962481962481962
}