{
  "acc": 0.7250608272506083,
  "agr": 0.4072674646240211,
  "models_acc": 0.805352798053528,
  "models_agr": 0.5364724480578139
}