{
  "acc": 0.572992700729927,
  "agr": -0.0666643448825025,
  "models_acc": 0.8223844282238443,
  "models_agr": 0.08130355473121087
}