{
  "acc": 0.694647201946472,
  "agr": 0.38052525784836555,
  "models_acc": 0.7639902676399026,
  "models_agr": 0.5266605248298613
}