{
  "acc": 0.6399026763990268,
  "agr": 0.13523532479897143,
  "models_acc": 0.8345498783454988,
  "models_agr": 0.3633917168399927
}