{
  "acc": 0.6192214111922141,
  "agr": 0.12111252221448182,
  "models_acc": 0.6520681265206812,
  "models_agr": 0.06568675043968897
}