{
  "acc": 0.656934306569343,
  "agr": 0.3128791410791772,
  "models_acc": 0.7615571776155717,
  "models_agr": 0.5234660033167495
}