{
  "acc": 0.610705596107056,
  "agr": 0.2079947067493893,
  "models_acc": 0.7177615571776156,
  "models_agr": 0.42081833219811227
}