{
  "acc": 0.635036496350365,
  "agr": 0.17182794377964977,
  "models_acc": 0.805352798053528,
  "models_agr": 0.43612637362637363
}