{
  "acc": 0.5559610705596107,
  "agr": -0.13609829772964843,
  "models_acc": 0.8369829683698297,
  "models_agr": 0.06286522309487719
}