{
  "acc": 0.6034063260340633,
  "agr": 0.17987422975892375,
  "models_acc": 0.537712895377129,
  "models_agr": 0.03528844250940044
}