{
  "acc": 0.6362530413625305,
  "agr": 0.18561896123825228,
  "models_acc": 0.7396593673965937,
  "models_agr": 0.2545547116975688
}