{
  "acc": 0.7725060827250608,
  "agr": 0.5151077619935521,
  "models_acc": 0.8807785888077859,
  "models_agr": 0.718041450268789
}