{
  "acc": 0.6800486618004866,
  "agr": 0.3598605636272551,
  "models_acc": 0.6277372262773723,
  "models_agr": 0.25525153410606827
}