{
  "acc": 0.5571776155717761,
  "agr": 0.09482678481214846,
  "models_acc": 0.6058394160583942,
  "models_agr": 0.18243176788787807
}