{
  "acc": 0.6788321167883211,
  "agr": 0.3577483788990919,
  "models_acc": 0.6301703163017032,
  "models_agr": 0.24776968703283986
}