{
  "acc": 0.6666666666666666,
  "agr": 0.3022827219734741,
  "models_acc": 0.5717761557177615,
  "models_agr": 0.14458915462941035
}