{
  "acc": 0.6654501216545012,
  "agr": 0.19019439350611805,
  "models_acc": 0.7396593673965937,
  "models_agr": 0.15859393707197933
}