{
  "acc": 0.6472019464720195,
  "agr": 0.2638543951800934,
  "models_acc": 0.7615571776155717,
  "models_agr": 0.48474563246067937
}