{
  "acc": 0.6070559610705597,
  "agr": 0.21069964389916085,
  "models_acc": 0.5888077858880778,
  "models_agr": 0.17736934159428452
}