{
  "acc": 0.5072992700729928,
  "agr": 0.003822627412841506,
  "models_acc": 0.4282238442822384,
  "models_agr": -0.14606908432088872
}