{
  "acc": 0.5973236009732361,
  "agr": 0.1491683883969428,
  "models_acc": 0.6861313868613139,
  "models_agr": 0.27961392219947356
}