{
  "acc": 0.5498783454987834,
  "agr": -0.20477062852936911,
  "models_acc": 0.9124087591240876,
  "models_agr": 0.05511508951406652
}