{
  "acc": 0.5827250608272506,
  "agr": -0.08930282333224676,
  "models_acc": 0.8613138686131386,
  "models_agr": 0.07488385885143822
}