{
  "acc": 0.7250608272506083,
  "agr": 0.4204774602475015,
  "models_acc": 0.7907542579075426,
  "models_agr": 0.5408993965875988
}