{
  "acc": 0.7068126520681266,
  "agr": 0.3901895492320585,
  "models_acc": 0.6861313868613139,
  "models_agr": 0.3145980158036772
}