{
  "acc": 0.5742092457420924,
  "agr": -0.08405233285987734,
  "models_acc": 0.8588807785888077,
  "models_agr": 0.17945271574303823
}