{
  "acc": 0.6678832116788321,
  "agr": 0.30171069913875703,
  "models_acc": 0.7737226277372263,
  "models_agr": 0.49774702179304176
}