{
  "acc": 0.7420924574209246,
  "agr": 0.4537630376446166,
  "models_acc": 0.7858880778588808,
  "models_agr": 0.5133897300501105
}