{
  "acc": 0.6727493917274938,
  "agr": 0.2977882512112144,
  "models_acc": 0.5790754257907542,
  "models_agr": 0.11877625219479215
}