{
  "acc": 0.5827250608272505,
  "agr": 0.06789825266597621,
  "models_acc": 0.39902676399026765,
  "models_agr": -0.23427086313201095
}