{
  "acc": 0.524330900243309,
  "agr": -0.0613186786840898,
  "models_acc": 0.2871046228710462,
  "models_agr": -0.42435977144210546
}