{
  "acc": 0.7980535279805353,
  "agr": 0.5811004589236889,
  "models_acc": 0.8540145985401459,
  "models_agr": 0.6845381423228649
}