{
  "acc": 0.5729927007299269,
  "agr": 0.14619838461572532,
  "models_acc": 0.6228710462287105,
  "models_agr": 0.24521195513561922
}