{
  "acc": 0.6386861313868613,
  "agr": 0.24607456503598213,
  "models_acc": 0.7347931873479319,
  "models_agr": 0.430937891477009
}