{
  "acc": 0.5693430656934306,
  "agr": -0.11969245090889857,
  "models_acc": 0.8880778588807786,
  "models_agr": 0.19851443123938883
}