{
  "acc": 0.661800486618005,
  "agr": 0.2912672214045181,
  "models_acc": 0.7226277372262774,
  "models_agr": 0.3789218028348462
}