{
  "acc": 0.6277372262773722,
  "agr": 0.05870696825720695,
  "models_acc": 0.781021897810219,
  "models_agr": 0.04178338001867421
}