{
  "acc": 0.5827250608272506,
  "agr": -0.02030935448854515,
  "models_acc": 0.851581508515815,
  "models_agr": 0.36542871985909964
}