{
  "acc": 0.5997566909975669,
  "agr": 0.020389481420705013,
  "models_acc": 0.8077858880778589,
  "models_agr": 0.19044647203464937
}