{
  "acc": 0.5632603406326033,
  "agr": -0.19507186928451103,
  "models_acc": 0.9391727493917275,
  "models_agr": 0.04379221989284887
}