{
  "acc": 0.5450121654501217,
  "agr": 0.015626896840349125,
  "models_acc": 0.6204379562043796,
  "models_agr": 0.08751781134226266
}