{
  "acc": 0.608272506082725,
  "agr": 0.18809293583195663,
  "models_acc": 0.6788321167883211,
  "models_agr": 0.3387112521357091
}