{
  "acc": 0.5681265206812651,
  "agr": -0.14504174306805884,
  "models_acc": 0.9148418491484185,
  "models_agr": 0.24136019220107185
}