{
  "acc": 0.6277372262773723,
  "agr": 0.24634587000111396,
  "models_acc": 0.6496350364963503,
  "models_agr": 0.2916307161345988
}