{
  "acc": 0.5291970802919708,
  "agr": 0.0042597139922541105,
  "models_acc": 0.5547445255474452,
  "models_agr": -0.02610281312106877
}