{
  "acc": 0.5693430656934306,
  "agr": -0.10712209400668482,
  "models_acc": 0.8880778588807786,
  "models_agr": 0.24310565977232645
}