{
  "acc": 0.5656934306569343,
  "agr": -0.17394763085846177,
  "models_acc": 0.9440389294403893,
  "models_agr": 0.31446723543292787
}