{
  "acc": 0.7725060827250608,
  "agr": 0.5213228913061473,
  "models_acc": 0.8661800486618005,
  "models_agr": 0.6964512594365306
}