{
  "acc": 0.6861313868613139,
  "agr": 0.3494038456080087,
  "models_acc": 0.7128953771289538,
  "models_agr": 0.37959167990163434
}