{
  "acc": 0.6654501216545012,
  "agr": 0.22572175093600705,
  "models_acc": 0.5693430656934306,
  "models_agr": -0.0185033327025379
}