{
  "acc": 0.8150851581508516,
  "agr": 0.612879485690593,
  "models_acc": 0.8978102189781022,
  "models_agr": 0.7743206450599508
}