{
  "acc": 0.6058394160583942,
  "agr": 0.03569835501964519,
  "models_acc": 0.8832116788321168,
  "models_agr": 0.4633986928104574
}