{
  "acc": 0.7664233576642335,
  "agr": 0.5207062738689245,
  "models_acc": 0.8394160583941606,
  "models_agr": 0.6641752193961029
}