{
  "acc": 0.7335766423357664,
  "agr": 0.4413885084744458,
  "models_acc": 0.7931873479318735,
  "models_agr": 0.5455078315803186
}