{
  "acc": 0.5717761557177615,
  "agr": 0.13399548333104988,
  "models_acc": 0.6545012165450121,
  "models_agr": 0.3022050373491668
}