{
  "acc": 0.6605839416058394,
  "agr": 0.29390056233910056,
  "models_acc": 0.6715328467153284,
  "models_agr": 0.3108176171022441
}