{
  "acc": 0.7055961070559611,
  "agr": 0.3321170327240482,
  "models_acc": 0.805352798053528,
  "models_agr": 0.4608969728806881
}