{
  "acc": 0.6265206812652068,
  "agr": 0.061783102536419665,
  "models_acc": 0.8369829683698297,
  "models_agr": 0.23149894519189118
}