{
  "acc": 0.6131386861313869,
  "agr": 0.04822589380931924,
  "models_acc": 0.8491484184914841,
  "models_agr": 0.29498614958448754
}