{
  "acc": 0.5462287104622872,
  "agr": -0.19703257530662555,
  "models_acc": 0.8905109489051095,
  "models_agr": 0.024605961401378162
}