{
  "acc": 0.6958637469586375,
  "agr": 0.38002862701495016,
  "models_acc": 0.6739659367396593,
  "models_agr": 0.3298367446393762
}