{
  "acc": 0.5036496350364963,
  "agr": -0.026414526764356516,
  "models_acc": 0.537712895377129,
  "models_agr": 0.03528844250940044
}