{
  "acc": 0.670316301703163,
  "agr": 0.30505985728548224,
  "models_acc": 0.6423357664233577,
  "models_agr": 0.25884780486007475
}