{
  "acc": 0.6934306569343066,
  "agr": 0.36727208448317433,
  "models_acc": 0.7372262773722628,
  "models_agr": 0.4559978403848042
}