{
  "acc": 0.6386861313868613,
  "agr": 0.2616698133556647,
  "models_acc": 0.7104622871046229,
  "models_agr": 0.4122201700187105
}