{
  "acc": 0.7931873479318735,
  "agr": 0.5660240292306291,
  "models_acc": 0.902676399026764,
  "models_agr": 0.7812882945282114
}