{
  "acc": 0.7956204379562044,
  "agr": 0.5753431808693023,
  "models_acc": 0.8637469586374696,
  "models_agr": 0.7038239538239539
}