{
  "acc": 0.5437956204379562,
  "agr": -0.08770187870123003,
  "models_acc": 0.754257907542579,
  "models_agr": 0.0355443897786617
}