{
  "acc": 0.6836982968369829,
  "agr": 0.34087704637828314,
  "models_acc": 0.6496350364963503,
  "models_agr": 0.2588394603540799
}