{
  "acc": 0.6313868613138687,
  "agr": 0.09017004973173848,
  "models_acc": 0.5790754257907542,
  "models_agr": -0.18719961216011782
}