{
  "acc": 0.6423357664233577,
  "agr": 0.2564845712855221,
  "models_acc": 0.732360097323601,
  "models_agr": 0.4402920323268382
}