{
  "acc": 0.6423357664233577,
  "agr": 0.2271284025666258,
  "models_acc": 0.5523114355231143,
  "models_agr": 0.06575301800910349
}