{
  "acc": 0.6618004866180048,
  "agr": 0.26067792890255975,
  "models_acc": 0.805352798053528,
  "models_agr": 0.4952041318248893
}