{
  "acc": 0.6326034063260341,
  "agr": 0.1739896950320422,
  "models_acc": 0.7761557177615572,
  "models_agr": 0.3463828314295604
}