{
  "acc": 0.7019464720194648,
  "agr": 0.35497077279674116,
  "models_acc": 0.8418491484184915,
  "models_agr": 0.6070237192279653
}