{
  "acc": 0.5888077858880778,
  "agr": 0.0017830581164255954,
  "models_acc": 0.8345498783454988,
  "models_agr": 0.27601410934744275
}