{
  "acc": 0.6399026763990268,
  "agr": 0.22122807524606242,
  "models_acc": 0.5474452554744526,
  "models_agr": 0.044966728373442844
}