{
  "acc": 0.643552311435523,
  "agr": 0.2555557705155533,
  "models_acc": 0.6277372262773723,
  "models_agr": 0.22065182997574095
}