{
  "acc": 0.6812652068126521,
  "agr": 0.34257696112461894,
  "models_acc": 0.6885644768856448,
  "models_agr": 0.3500890560063329
}