{
  "acc": 0.732360097323601,
  "agr": 0.42232309407065177,
  "models_acc": 0.7907542579075426,
  "models_agr": 0.4894573957308961
}