{
  "acc": 0.6228710462287105,
  "agr": 0.21010418134422998,
  "models_acc": 0.6690997566909975,
  "models_agr": 0.27163135372090597
}