{
  "acc": 0.681265206812652,
  "agr": 0.3267964226637674,
  "models_acc": 0.5571776155717761,
  "models_agr": 0.11479857819905215
}