{
  "acc": 0.8041362530413625,
  "agr": 0.5882776471262343,
  "models_acc": 0.9586374695863747,
  "models_agr": 0.9065302268267692
}