{
  "acc": 0.5766423357664234,
  "agr": -0.12733716019218966,
  "models_acc": 0.9075425790754258,
  "models_agr": 0.16026055124892336
}