{
  "acc": 0.6922141119221411,
  "agr": 0.38458998141020984,
  "models_acc": 0.6180048661800487,
  "models_agr": 0.23512796624752996
}