{
  "acc": 0.7871046228710463,
  "agr": 0.5611826827978753,
  "models_acc": 0.7785888077858881,
  "models_agr": 0.5420576787520304
}