{
  "acc": 0.5364963503649636,
  "agr": -0.21495321538560397,
  "models_acc": 0.8759124087591241,
  "models_agr": 0.007443404053573577
}