{
  "acc": 0.5644768856447688,
  "agr": -0.21545294257813308,
  "models_acc": 0.9805352798053528,
  "models_agr": 0.4906947890818858
}