{
  "acc": 0.6313868613138687,
  "agr": 0.21378309148440405,
  "models_acc": 0.7785888077858881,
  "models_agr": 0.4876386155249388
}