{
  "acc": 0.5778588807785888,
  "agr": 0.05252513909649692,
  "models_acc": 0.40389294403892945,
  "models_agr": -0.22846393912188456
}