{
  "acc": 0.7201946472019465,
  "agr": 0.40929740226386785,
  "models_acc": 0.7712895377128953,
  "models_agr": 0.49656872977768507
}