{
  "acc": 0.5656934306569343,
  "agr": -0.11251405435526651,
  "models_acc": 0.9002433090024331,
  "models_agr": 0.3687102642486074
}