{
  "acc": 0.635036496350365,
  "agr": 0.22161720158200454,
  "models_acc": 0.6058394160583942,
  "models_agr": 0.15766073871409036
}