{
  "acc": 0.5474452554744526,
  "agr": 0.07174137344157511,
  "models_acc": 0.5036496350364964,
  "models_agr": 0.004824832438085291
}