{
  "acc": 0.7712895377128954,
  "agr": 0.5247425064497278,
  "models_acc": 0.8199513381995134,
  "models_agr": 0.6120434227330779
}