{
  "acc": 0.6849148418491484,
  "agr": 0.3299997458000005,
  "models_acc": 0.7347931873479319,
  "models_agr": 0.4226404382020298
}