{
  "acc": 0.5644768856447688,
  "agr": -0.17814595038528547,
  "models_acc": 0.9318734793187348,
  "models_agr": 0.18758835171048904
}