{
  "acc": 0.5559610705596107,
  "agr": 0.08799916613613179,
  "models_acc": 0.6374695863746959,
  "models_agr": 0.26889631307486805
}