{
  "acc": 0.5936739659367396,
  "agr": 0.07780130311039551,
  "models_acc": 0.41605839416058393,
  "models_agr": -0.2185830199881258
}