{
  "acc": 0.697080291970803,
  "agr": 0.37033835709463353,
  "models_acc": 0.8126520681265207,
  "models_agr": 0.5957397827046177
}