{
  "acc": 0.5583941605839415,
  "agr": 0.0918368914185465,
  "models_acc": 0.5888077858880778,
  "models_agr": 0.13121693121693123
}