{
  "acc": 0.656934306569343,
  "agr": 0.30681474637443645,
  "models_acc": 0.6593673965936739,
  "models_agr": 0.3186560440081566
}