{
  "acc": 0.6873479318734793,
  "agr": 0.32388886575275583,
  "models_acc": 0.7737226277372263,
  "models_agr": 0.43774162904924263
}