{
  "acc": 0.5644768856447688,
  "agr": -0.1548907952235613,
  "models_acc": 0.9172749391727494,
  "models_agr": 0.2180076199013895
}