{
  "acc": 0.5571776155717761,
  "agr": -0.06571495061594079,
  "models_acc": 0.7469586374695864,
  "models_agr": 0.013494777705887806
}