{
  "acc": 0.5717761557177615,
  "agr": -0.013824749712110118,
  "models_acc": 0.781021897810219,
  "models_agr": 0.19852047900034708
}