{
  "acc": 0.6253041362530414,
  "agr": 0.18368698896108854,
  "models_acc": 0.7664233576642335,
  "models_agr": 0.42419637638807717
}