{
  "acc": 0.732360097323601,
  "agr": 0.4437707697507844,
  "models_acc": 0.7566909975669099,
  "models_agr": 0.48774583208545474
}