{
  "acc": 0.5425790754257908,
  "agr": -0.09117188970152035,
  "models_acc": 0.1630170316301703,
  "models_agr": -0.6814955941890926
}