{
  "acc": 0.7335766423357664,
  "agr": 0.42202157024054177,
  "models_acc": 0.8077858880778589,
  "models_agr": 0.5171487064954402
}