{
  "acc": 0.6459854014598541,
  "agr": 0.21676884515164746,
  "models_acc": 0.8175182481751825,
  "models_agr": 0.519384624991219
}