{
  "acc": 0.5571776155717761,
  "agr": -0.19327537349382007,
  "models_acc": 0.9172749391727494,
  "models_agr": 0.013500141362736695
}