{
  "acc": 0.7177615571776156,
  "agr": 0.372752466468071,
  "models_acc": 0.8199513381995134,
  "models_agr": 0.5330638219380226
}