{
  "acc": 0.7019464720194647,
  "agr": 0.40195595383943167,
  "models_acc": 0.7834549878345499,
  "models_agr": 0.5670677876724909
}