{
  "acc": 0.7408759124087592,
  "agr": 0.43943997642746624,
  "models_acc": 0.7883211678832117,
  "models_agr": 0.5059860981429609
}