{
  "acc": 0.6715328467153285,
  "agr": 0.3242209610190259,
  "models_acc": 0.6690997566909975,
  "models_agr": 0.3174727370531567
}