{
  "acc": 0.7201946472019465,
  "agr": 0.4012136235175916,
  "models_acc": 0.7469586374695864,
  "models_agr": 0.4292513368983958
}