{
  "acc": 0.635036496350365,
  "agr": 0.2516194101004738,
  "models_acc": 0.635036496350365,
  "models_agr": 0.27095666587733835
}