{
  "acc": 0.7055961070559611,
  "agr": 0.39780934453192557,
  "models_acc": 0.8637469586374696,
  "models_agr": 0.7208432505950357
}