{
  "acc": 0.6167883211678833,
  "agr": 0.16824829789571044,
  "models_acc": 0.7055961070559611,
  "models_agr": 0.28704507776111154
}