{
  "acc": 0.6265206812652069,
  "agr": 0.2104659758174815,
  "models_acc": 0.7493917274939172,
  "models_agr": 0.4270993530029471
}