{
  "acc": 0.6472019464720195,
  "agr": 0.24105586996486067,
  "models_acc": 0.8102189781021898,
  "models_agr": 0.5392684471048694
}