{
  "acc": 0.6788321167883211,
  "agr": 0.279113746573711,
  "models_acc": 0.8004866180048662,
  "models_agr": 0.4309021437749374
}