{
  "acc": 0.7019464720194647,
  "agr": 0.38482643292062063,
  "models_acc": 0.8175182481751825,
  "models_agr": 0.6105436260712818
}