{
  "acc": 0.6824817518248175,
  "agr": 0.3469803955278121,
  "models_acc": 0.5644768856447688,
  "models_agr": 0.1110687692428669
}