{
  "acc": 0.6581508515815085,
  "agr": 0.18523866749204893,
  "models_acc": 0.6618004866180048,
  "models_agr": 0.031617803046374404
}