{
  "acc": 0.6046228710462287,
  "agr": 0.14135211800677766,
  "models_acc": 0.6861313868613139,
  "models_agr": 0.26103641476127015
}