{
  "acc": 0.6155717761557178,
  "agr": 0.14861115349091242,
  "models_acc": 0.6739659367396593,
  "models_agr": 0.1832422640612935
}