{
  "acc": 0.6070559610705596,
  "agr": 0.12778450664361918,
  "models_acc": 0.8272506082725061,
  "models_agr": 0.5298240802729539
}