{
  "acc": 0.5778588807785888,
  "agr": -0.1420972907667285,
  "models_acc": 0.9294403892944039,
  "models_agr": 0.18027199173695996
}