{
  "acc": 0.5644768856447688,
  "agr": -0.20212351306101317,
  "models_acc": 0.9610705596107056,
  "models_agr": 0.25363636363636366
}