{
  "acc": 0.5888077858880778,
  "agr": -0.0598743730653441,
  "models_acc": 0.8345498783454988,
  "models_agr": 0.059501347708894814
}