{
  "acc": 0.8065693430656935,
  "agr": 0.5972472038109506,
  "models_acc": 0.8661800486618005,
  "models_agr": 0.7077743478232732
}