{
  "acc": 0.5827250608272506,
  "agr": 0.12690821694471177,
  "models_acc": 0.7250608272506083,
  "models_agr": 0.4084146893592058
}