{
  "acc": 0.6253041362530414,
  "agr": 0.23576370338024605,
  "models_acc": 0.5815085158150851,
  "models_agr": 0.15096200096200096
}