{
  "acc": 0.7311435523114356,
  "agr": 0.42288388600284793,
  "models_acc": 0.7737226277372263,
  "models_agr": 0.46961245371881877
}