{
  "acc": 0.7773722627737226,
  "agr": 0.5494826071197689,
  "models_acc": 0.8175182481751825,
  "models_agr": 0.6300046268199326
}