{
  "acc": 0.7858880778588808,
  "agr": 0.5645152895187611,
  "models_acc": 0.8248175182481752,
  "models_agr": 0.6410841793364744
}