{
  "acc": 0.7335766423357664,
  "agr": 0.4358299931859259,
  "models_acc": 0.8126520681265207,
  "models_agr": 0.5682518218015176
}