{
  "acc": 0.559610705596107,
  "agr": 0.06597907215449733,
  "models_acc": 0.6496350364963503,
  "models_agr": 0.24923795976427554
}