{
  "acc": 0.7944038929440389,
  "agr": 0.5726701054354232,
  "models_acc": 0.8418491484184915,
  "models_agr": 0.6567394590422282
}