{
  "acc": 0.6021897810218979,
  "agr": 0.1350866286299537,
  "models_acc": 0.46228710462287104,
  "models_agr": -0.1101043164367217
}