{
  "acc": 0.6605839416058394,
  "agr": 0.2991483762472356,
  "models_acc": 0.754257907542579,
  "models_agr": 0.4807864500172192
}