{
  "acc": 0.6593673965936739,
  "agr": 0.27778884750601157,
  "models_acc": 0.6642335766423357,
  "models_agr": 0.2679116050659085
}