{
  "acc": 0.6800486618004866,
  "agr": 0.3584054229859121,
  "models_acc": 0.7834549878345499,
  "models_agr": 0.5672728995540606
}