{
  "acc": 0.7493917274939172,
  "agr": 0.48014832663747253,
  "models_acc": 0.9367396593673966,
  "models_agr": 0.8628994964546295
}