{
  "acc": 0.7092457420924574,
  "agr": 0.39023654477993713,
  "models_acc": 0.8905109489051095,
  "models_agr": 0.75439587834469
}