{
  "acc": 0.6240875912408759,
  "agr": 0.15031167171162574,
  "models_acc": 0.9440389294403893,
  "models_agr": 0.8332258776771915
}