{
  "acc": 0.7652068126520681,
  "agr": 0.5132903441011074,
  "models_acc": 0.9051094890510949,
  "models_agr": 0.795244825006235
}