{
  "acc": 0.610705596107056,
  "agr": 0.21845236098161191,
  "models_acc": 0.9513381995133819,
  "models_agr": 0.9027251184834123
}