{
  "acc": 0.7664233576642335,
  "agr": 0.49949651951840024,
  "models_acc": 0.8588807785888077,
  "models_agr": 0.6607438016528926
}