{
  "acc": 0.5571776155717761,
  "agr": -0.09430422126225135,
  "models_acc": 0.8540145985401459,
  "models_agr": 0.28016132803366844
}