{
  "acc": 0.5571776155717761,
  "agr": -0.11026341558950248,
  "models_acc": 0.8588807785888077,
  "models_agr": 0.2318686282100917
}