{
  "acc": 0.6338199513381995,
  "agr": 0.16869701728212905,
  "models_acc": 0.7299270072992701,
  "models_agr": 0.2546436020120231
}