{
  "acc": 0.6897810218978102,
  "agr": 0.3242475272252109,
  "models_acc": 0.7834549878345499,
  "models_agr": 0.4434322275964505
}