{
  "acc": 0.5766423357664234,
  "agr": 0.1412174896398451,
  "models_acc": 0.6204379562043796,
  "models_agr": 0.22584622823984535
}