{
  "acc": 0.5705596107055961,
  "agr": -0.13133486491920965,
  "models_acc": 0.9148418491484185,
  "models_agr": 0.26922000966404724
}