{
  "acc": 0.5644768856447688,
  "agr": -0.11148683831900885,
  "models_acc": 0.8442822384428224,
  "models_agr": 0.05072987425928599
}