{
  "acc": 0.6265206812652069,
  "agr": 0.16892381649510907,
  "models_acc": 0.8029197080291971,
  "models_agr": 0.4482206420457846
}