{
  "acc": 0.6326034063260341,
  "agr": 0.17046268669224418,
  "models_acc": 0.5231143552311436,
  "models_agr": -0.09675572519083953
}