{
  "acc": 0.5888077858880778,
  "agr": 0.020627391803472506,
  "models_acc": 0.975669099756691,
  "models_agr": 0.9051437286255661
}