{
  "acc": 0.44768856447688565,
  "agr": -0.3135922162507462,
  "models_acc": 0.20194647201946472,
  "models_agr": -0.5975794969150452
}