{
  "acc": 0.6995133819951338,
  "agr": 0.3845110467809854,
  "models_acc": 0.6520681265206812,
  "models_agr": 0.3039279044259331
}