{
  "acc": 0.6143552311435523,
  "agr": 0.2053843809834463,
  "models_acc": 0.6180048661800487,
  "models_agr": 0.19482150107755247
}