{
  "acc": 0.6459854014598541,
  "agr": 0.2860560538637855,
  "models_acc": 0.7396593673965937,
  "models_agr": 0.4797550590144323
}