{
  "acc": 0.6167883211678833,
  "agr": 0.144834701482778,
  "models_acc": 0.7201946472019465,
  "models_agr": 0.23844745396323508
}