{
  "acc": 0.6362530413625305,
  "agr": 0.13980535744521044,
  "models_acc": 0.9343065693430657,
  "models_agr": 0.7580998941475605
}