{
  "acc": 0.6995133819951338,
  "agr": 0.398821594920187,
  "models_acc": 0.8077858880778589,
  "models_agr": 0.6157118564733346
}