{
  "acc": 0.694647201946472,
  "agr": 0.37119103254360447,
  "models_acc": 0.948905109489051,
  "models_agr": 0.8917817935311361
}