{
  "acc": 0.6301703163017032,
  "agr": 0.15672697399478613,
  "models_acc": 0.6690997566909975,
  "models_agr": 0.12009834825368815
}