{
  "acc": 0.6313868613138687,
  "agr": 0.14659738738058214,
  "models_acc": 0.8321167883211679,
  "models_agr": 0.44655470558926114
}