{
  "acc": 0.6277372262773723,
  "agr": 0.1883817285713622,
  "models_acc": 0.7469586374695864,
  "models_agr": 0.35154019077708254
}