{
  "acc": 0.6180048661800487,
  "agr": 0.16905970743302218,
  "models_acc": 0.6545012165450121,
  "models_agr": 0.1919291338582677
}