{
  "acc": 0.6545012165450121,
  "agr": 0.27767596479568035,
  "models_acc": 0.5766423357664233,
  "models_agr": 0.13652079303675058
}