{
  "acc": 0.6690997566909975,
  "agr": 0.31951580932120294,
  "models_acc": 0.7712895377128953,
  "models_agr": 0.5256085566756823
}