{
  "acc": 0.6496350364963503,
  "agr": 0.2668251619798409,
  "models_acc": 0.7566909975669099,
  "models_agr": 0.4678506611355977
}