{
  "acc": 0.5681265206812651,
  "agr": -0.17500891421495202,
  "models_acc": 0.948905109489051,
  "models_agr": 0.29688838138738227
}