{
  "acc": 0.8090024330900243,
  "agr": 0.6034705375663607,
  "models_acc": 0.8759124087591241,
  "models_agr": 0.7314670514670515
}