{
  "acc": 0.6532846715328466,
  "agr": 0.2833269725826581,
  "models_acc": 0.5790754257907542,
  "models_agr": 0.15915508800179967
}