{
  "acc": 0.721411192214112,
  "agr": 0.4102696546344238,
  "models_acc": 0.681265206812652,
  "models_agr": 0.33271496553478475
}