{
  "acc": 0.5754257907542579,
  "agr": -0.08442984953275612,
  "models_acc": 0.851581508515815,
  "models_agr": 0.060764051686952536
}