{
  "acc": 0.6836982968369829,
  "agr": 0.35363881662216595,
  "models_acc": 0.6593673965936739,
  "models_agr": 0.31459307318004004
}