{
  "acc": 0.548661800486618,
  "agr": 0.08045107151529335,
  "models_acc": 0.43309002433090027,
  "models_agr": -0.139347337951244
}