{
  "acc": 0.5924574209245742,
  "agr": 0.13342287192694968,
  "models_acc": 0.9245742092457421,
  "models_agr": 0.8232041512396062
}