{
  "acc": 0.7384428223844282,
  "agr": 0.4314420124419192,
  "models_acc": 0.7931873479318735,
  "models_agr": 0.5086428445696181
}