{
  "acc": 0.6289537712895377,
  "agr": 0.22828716452577252,
  "models_acc": 0.7493917274939172,
  "models_agr": 0.45442169848448677
}