{
  "acc": 0.5717761557177615,
  "agr": -0.08371943118268044,
  "models_acc": 0.878345498783455,
  "models_agr": 0.29263165150261916
}