{
  "acc": 0.6836982968369829,
  "agr": 0.28440192028845224,
  "models_acc": 0.8540145985401459,
  "models_agr": 0.5737279335410177
}