{
  "acc": 0.6046228710462287,
  "agr": 0.1270707934199573,
  "models_acc": 0.7055961070559611,
  "models_agr": 0.2387954484502509
}