{
  "acc": 0.7871046228710462,
  "agr": 0.5709785322163421,
  "models_acc": 0.8321167883211679,
  "models_agr": 0.6623312371471999
}