{
  "acc": 0.5778588807785887,
  "agr": -0.02002823415739058,
  "models_acc": 0.8467153284671532,
  "models_agr": 0.3638398622470942
}