{
  "acc": 0.5608272506082725,
  "agr": -0.06350276972101387,
  "models_acc": 0.7396593673965937,
  "models_agr": 0.00473573896788082
}