{
  "acc": 0.6958637469586375,
  "agr": 0.34362098842510697,
  "models_acc": 0.7712895377128953,
  "models_agr": 0.43321092831962393
}