{
  "acc": 0.6192214111922141,
  "agr": 0.14347760096465173,
  "models_acc": 0.5158150851581509,
  "models_agr": -0.09008720484130328
}