{
  "acc": 0.7226277372262774,
  "agr": 0.40673188848971753,
  "models_acc": 0.7615571776155717,
  "models_agr": 0.46015834675254963
}