{
  "acc": 0.6593673965936739,
  "agr": 0.2967775642015406,
  "models_acc": 0.7712895377128953,
  "models_agr": 0.5217041003520253
}