{
  "acc": 0.572992700729927,
  "agr": 0.12998648104326038,
  "models_acc": 0.5498783454987834,
  "models_agr": 0.07705162094005402
}