{
  "acc": 0.5936739659367396,
  "agr": 0.06340085157452996,
  "models_acc": 0.3236009732360097,
  "models_agr": -0.3722823472823473
}