{
  "acc": 0.5717761557177615,
  "agr": -0.13071218329890166,
  "models_acc": 0.9172749391727494,
  "models_agr": 0.2768393782383419
}