{
  "acc": 0.7676399026763989,
  "agr": 0.5172475689773357,
  "models_acc": 0.7980535279805353,
  "models_agr": 0.5603592327593437
}