{
  "acc": 0.5717761557177616,
  "agr": 0.04887289410771678,
  "models_acc": 0.38686131386861317,
  "models_agr": -0.24244535190968053
}