{
  "acc": 0.6180048661800487,
  "agr": 0.2152928520504987,
  "models_acc": 0.6690997566909975,
  "models_agr": 0.3109015503110496
}