{
  "acc": 0.7408759124087592,
  "agr": 0.44021099202382385,
  "models_acc": 0.7493917274939172,
  "models_agr": 0.4293417012518136
}