{
  "acc": 0.7347931873479319,
  "agr": 0.4475537100355866,
  "models_acc": 0.8004866180048662,
  "models_agr": 0.5649909537348152
}