{
  "acc": 0.6849148418491484,
  "agr": 0.36241159725378413,
  "models_acc": 0.6423357664233577,
  "models_agr": 0.2772584363865017
}