{
  "acc": 0.6873479318734794,
  "agr": 0.35218282125027095,
  "models_acc": 0.7201946472019465,
  "models_agr": 0.39794415288768725
}