{
  "acc": 0.6654501216545012,
  "agr": 0.3301317203405594,
  "models_acc": 0.6326034063260341,
  "models_agr": 0.2550759819974643
}