{
  "acc": 0.6301703163017032,
  "agr": 0.21866693396807751,
  "models_acc": 0.5863746958637469,
  "models_agr": 0.14529443464628655
}