{
  "acc": 0.7773722627737226,
  "agr": 0.525808892194767,
  "models_acc": 0.9732360097323601,
  "models_agr": 0.9367031827134016
}