{
  "acc": 0.6034063260340632,
  "agr": 0.14308377999590977,
  "models_acc": 0.7177615571776156,
  "models_agr": 0.3005581668625147
}