{
  "acc": 0.6642335766423357,
  "agr": 0.2868452939773939,
  "models_acc": 0.7274939172749392,
  "models_agr": 0.36807960855462096
}