{
  "acc": 0.7445255474452555,
  "agr": 0.4518695926057161,
  "models_acc": 0.9464720194647201,
  "models_agr": 0.8706901489117984
}