{
  "acc": 0.6386861313868613,
  "agr": 0.19168715284925636,
  "models_acc": 0.9391727493917275,
  "models_agr": 0.8258305401162545
}