{
  "acc": 0.5656934306569343,
  "agr": -0.03550076262745494,
  "models_acc": 0.7883211678832117,
  "models_agr": 0.169231306046966
}