{
  "acc": 0.6873479318734793,
  "agr": 0.29878870495378346,
  "models_acc": 0.8029197080291971,
  "models_agr": 0.4672290720311486
}