{
  "acc": 0.6824817518248175,
  "agr": 0.32506346871100966,
  "models_acc": 0.6666666666666666,
  "models_agr": 0.276512398289004
}