{
  "acc": 0.6094890510948905,
  "agr": 0.16597689492479423,
  "models_acc": 0.6763990267639902,
  "models_agr": 0.25425314674807575
}