{
  "acc": 0.5559610705596107,
  "agr": 0.08374316382347574,
  "models_acc": 0.6034063260340633,
  "models_agr": 0.1557813988405029
}