{
  "acc": 0.5875912408759124,
  "agr": -0.06943827478403125,
  "models_acc": 0.8418491484184915,
  "models_agr": 0.047478804105310024
}