{
  "acc": 0.5778588807785888,
  "agr": -0.09014225043602891,
  "models_acc": 0.8369829683698297,
  "models_agr": 0.04110520352131086
}