{
  "acc": 0.5693430656934306,
  "agr": -0.11042544499371498,
  "models_acc": 0.8394160583941606,
  "models_agr": 0.04427120079017921
}