{
  "acc": 0.5425790754257908,
  "agr": -0.09161805314694749,
  "models_acc": 0.31873479318734793,
  "models_agr": -0.46383087111563914
}