{
  "acc": 0.6557177615571776,
  "agr": 0.2838444366948929,
  "models_acc": 0.7445255474452555,
  "models_agr": 0.4438279450570012
}