{
  "acc": 0.608272506082725,
  "agr": 0.18709215939424206,
  "models_acc": 0.537712895377129,
  "models_agr": 0.04295916363993324
}