{
  "acc": 0.548661800486618,
  "agr": -0.12848721971229948,
  "models_acc": 0.8175182481751825,
  "models_agr": 0.056133789107408405
}