{
  "acc": 0.8236009732360097,
  "agr": 0.6357272397746339,
  "models_acc": 0.8953771289537713,
  "models_agr": 0.7767116789475349
}