{
  "acc": 0.5523114355231143,
  "agr": 0.07178633763692194,
  "models_acc": 0.6058394160583942,
  "models_agr": 0.1076086956521739
}