{
  "acc": 0.6046228710462287,
  "agr": -0.0173792370483547,
  "models_acc": 0.8321167883211679,
  "models_agr": 0.09571394365073027
}