{
  "acc": 0.5559610705596107,
  "agr": -0.07357483964942513,
  "models_acc": 0.7445255474452555,
  "models_agr": 0.08141083701848795
}