{
  "acc": 0.5547445255474452,
  "agr": -0.2605406758619695,
  "models_acc": 0.9805352798053528,
  "models_agr": -0.008599508599508532
}