{
  "acc": 0.5474452554744526,
  "agr": -0.07839665433275456,
  "models_acc": 0.7031630170316302,
  "models_agr": -0.07359372320356705
}