{
  "acc": 0.7944038929440389,
  "agr": 0.571357157754445,
  "models_acc": 0.8564476885644768,
  "models_agr": 0.6855365918578005
}