{
  "acc": 0.6472019464720195,
  "agr": 0.2704579464897897,
  "models_acc": 0.5815085158150851,
  "models_agr": 0.16140909306855433
}