{
  "acc": 0.6727493917274938,
  "agr": 0.31754892083731295,
  "models_acc": 0.583941605839416,
  "models_agr": 0.16889551920720336
}