{
  "acc": 0.559610705596107,
  "agr": 0.009154311342937982,
  "models_acc": 0.6690997566909975,
  "models_agr": 0.048861932670028696
}