{
  "acc": 0.718978102189781,
  "agr": 0.3770665003491286,
  "models_acc": 0.8418491484184915,
  "models_agr": 0.5860643339719673
}