{
  "acc": 0.5729927007299269,
  "agr": 0.03581324631873628,
  "models_acc": 0.7396593673965937,
  "models_agr": 0.224137778759108
}