{
  "acc": 0.5523114355231143,
  "agr": -0.19918615183098987,
  "models_acc": 0.9075425790754258,
  "models_agr": 0.0026214833759591327
}