{
  "acc": 0.5583941605839415,
  "agr": -0.19211814735221666,
  "models_acc": 0.9829683698296837,
  "models_agr": 0.7913595933926303
}