{
  "acc": 0.6167883211678833,
  "agr": 0.20349853116477162,
  "models_acc": 0.5498783454987834,
  "models_agr": 0.07554611465821037
}