{
  "acc": 0.7116788321167884,
  "agr": 0.3678619714594683,
  "models_acc": 0.8905109489051095,
  "models_agr": 0.7169073981839775
}