{
  "acc": 0.7396593673965937,
  "agr": 0.4633371079471555,
  "models_acc": 0.8734793187347932,
  "models_agr": 0.7310231854838709
}