{
  "acc": 0.6593673965936739,
  "agr": 0.26323293742100246,
  "models_acc": 0.6593673965936739,
  "models_agr": 0.24261992619926198
}