{
  "acc": 0.7506082725060828,
  "agr": 0.46571310040099434,
  "models_acc": 0.8077858880778589,
  "models_agr": 0.5605907658954643
}