{
  "acc": 0.6812652068126521,
  "agr": 0.3538725654828812,
  "models_acc": 0.6058394160583942,
  "models_agr": 0.19607108317214705
}