{
  "acc": 0.48175182481751827,
  "agr": -0.04114976335155818,
  "models_acc": 0.5815085158150851,
  "models_agr": 0.1125439919557566
}