{
  "acc": 0.7445255474452555,
  "agr": 0.4445046706439397,
  "models_acc": 0.829683698296837,
  "models_agr": 0.5801431911163062
}