{
  "acc": 0.5924574209245742,
  "agr": 0.11483941032042855,
  "models_acc": 0.6958637469586375,
  "models_agr": 0.2522060377303498
}