{
  "acc": 0.7579075425790753,
  "agr": 0.477710713401614,
  "models_acc": 0.8856447688564477,
  "models_agr": 0.7173548391822504
}