{
  "acc": 0.6034063260340633,
  "agr": 0.1267354067701365,
  "models_acc": 0.46472019464720193,
  "models_agr": -0.09844799065875254
}