{
  "acc": 0.5048661800486618,
  "agr": -0.004092030417791992,
  "models_acc": 0.48175182481751827,
  "models_agr": -0.05078685983139142
}