{
  "acc": 0.6642335766423357,
  "agr": 0.31047916590994623,
  "models_acc": 0.6593673965936739,
  "models_agr": 0.3113076406864155
}