{
  "acc": 0.6265206812652069,
  "agr": 0.18523750796141492,
  "models_acc": 0.7493917274939172,
  "models_agr": 0.3558822409262292
}