{
  "acc": 0.6240875912408759,
  "agr": 0.235108783564215,
  "models_acc": 0.6958637469586375,
  "models_agr": 0.37536899639068266
}