{
  "acc": 0.5437956204379562,
  "agr": 0.07220332363714566,
  "models_acc": 0.5109489051094891,
  "models_agr": -0.00277094157323865
}