{
  "acc": 0.697080291970803,
  "agr": 0.38033421323679445,
  "models_acc": 0.7688564476885644,
  "models_agr": 0.5210240915762387
}