{
  "acc": 0.5620437956204379,
  "agr": -0.205570678288731,
  "models_acc": 0.9367396593673966,
  "models_agr": -0.03140703517587928
}