{
  "acc": 0.5742092457420924,
  "agr": 0.04838334811789974,
  "models_acc": 0.6642335766423357,
  "models_agr": 0.101323053493242
}