{
  "acc": 0.6240875912408759,
  "agr": 0.09819494553652247,
  "models_acc": 0.754257907542579,
  "models_agr": 0.1364284896012331
}