{
  "acc": 0.5851581508515815,
  "agr": 0.13161937369401588,
  "models_acc": 0.5693430656934306,
  "models_agr": 0.04733277827674598
}