{
  "acc": 0.5912408759124088,
  "agr": 0.1657708032708033,
  "models_acc": 0.6058394160583942,
  "models_agr": 0.18399676057720626
}