{
  "acc": 0.6423357664233577,
  "agr": 0.21997697130705468,
  "models_acc": 0.7907542579075426,
  "models_agr": 0.4668831168831169
}