{
  "acc": 0.6192214111922141,
  "agr": 0.12056323330043578,
  "models_acc": 0.656934306569343,
  "models_agr": 0.0725839402023698
}