{
  "acc": 0.5656934306569343,
  "agr": 0.045111971148604824,
  "models_acc": 0.41362530413625304,
  "models_agr": -0.17759684801304587
}