{
  "acc": 0.643552311435523,
  "agr": 0.28088368177200257,
  "models_acc": 0.9781021897810219,
  "models_agr": 0.9558805089654102
}