{
  "acc": 0.7384428223844282,
  "agr": 0.4581698306307784,
  "models_acc": 0.8467153284671532,
  "models_agr": 0.6692416403946873
}