{
  "acc": 0.6934306569343065,
  "agr": 0.3844658779401426,
  "models_acc": 0.6496350364963503,
  "models_agr": 0.2970890410958904
}