{
  "acc": 0.6982968369829683,
  "agr": 0.3421814422331352,
  "models_acc": 0.805352798053528,
  "models_agr": 0.49822760053783155
}