{
  "acc": 0.6642335766423357,
  "agr": 0.303613895379704,
  "models_acc": 0.6593673965936739,
  "models_agr": 0.30423728813559325
}