{
  "acc": 0.5352798053527981,
  "agr": -0.11593664335472331,
  "models_acc": 0.1922141119221411,
  "models_agr": -0.6157585242092285
}