{
  "acc": 0.6204379562043796,
  "agr": 0.10066610745958571,
  "models_acc": 0.829683698296837,
  "models_agr": 0.3911560301720485
}