{
  "acc": 0.5790754257907542,
  "agr": 0.10484007725068034,
  "models_acc": 0.8248175182481752,
  "models_agr": 0.5884711779448621
}