{
  "acc": 0.6690997566909975,
  "agr": 0.3061440636071271,
  "models_acc": 0.6301703163017032,
  "models_agr": 0.22137366476989118
}