{
  "acc": 0.5766423357664233,
  "agr": -0.005440429499155408,
  "models_acc": 0.8102189781021898,
  "models_agr": 0.2791111311239194
}