{
  "acc": 0.44160583941605835,
  "agr": -0.20355420897529697,
  "models_acc": 0.40389294403892945,
  "models_agr": -0.1999701715137956
}