{
  "acc": 0.6520681265206812,
  "agr": 0.17706756436850923,
  "models_acc": 0.8199513381995134,
  "models_agr": 0.3708160729080364
}