{
  "acc": 0.7311435523114356,
  "agr": 0.4341022257210686,
  "models_acc": 0.8175182481751825,
  "models_agr": 0.5921240022521777
}