{
  "acc": 0.6715328467153284,
  "agr": 0.3098542485238507,
  "models_acc": 0.7712895377128953,
  "models_agr": 0.4949081103722708
}