{
  "acc": 0.7895377128953771,
  "agr": 0.5739397624008349,
  "models_acc": 0.8223844282238443,
  "models_agr": 0.6398711701047344
}