{
  "acc": 0.608272506082725,
  "agr": 0.051074366840419605,
  "models_acc": 0.8637469586374696,
  "models_agr": 0.41297242083758934
}