{
  "acc": 0.5742092457420924,
  "agr": -0.13316359516352017,
  "models_acc": 0.9124087591240876,
  "models_agr": 0.13659733582612754
}