{
  "acc": 0.6496350364963503,
  "agr": 0.23937109913741167,
  "models_acc": 0.805352798053528,
  "models_agr": 0.5176263219741482
}