{
  "acc": 0.5109489051094891,
  "agr": 0.008554494319595485,
  "models_acc": 0.5231143552311436,
  "models_agr": 0.03128010017337701
}