{
  "acc": 0.5717761557177615,
  "agr": -0.13239731756346063,
  "models_acc": 0.9124087591240876,
  "models_agr": 0.2044573643410853
}