{
  "acc": 0.6690997566909975,
  "agr": 0.2807717563215463,
  "models_acc": 0.4744525547445255,
  "models_agr": -0.05582281495594188
}