{
  "acc": 0.5498783454987834,
  "agr": -0.07543631195463224,
  "models_acc": 0.5912408759124088,
  "models_agr": -0.1659565834854939
}