{
  "acc": 0.5815085158150852,
  "agr": 0.09258182506119939,
  "models_acc": 0.683698296836983,
  "models_agr": 0.20762309199976237
}