{
  "acc": 0.5790754257907542,
  "agr": 0.14494311821097422,
  "models_acc": 0.6058394160583942,
  "models_agr": 0.2012851309152054
}