{
  "acc": 0.49635036496350365,
  "agr": -0.10024092487976921,
  "models_acc": 0.3284671532846715,
  "models_agr": -0.3607734806629834
}