{
  "acc": 0.5485893416927901,
  "agr": 0.09661285279105891,
  "models_acc": 0.8808777429467085,
  "models_agr": 0.7621265723270441
}