{
  "acc": 0.30877742946708464,
  "agr": -0.38606046545003214,
  "models_acc": 0.7147335423197492,
  "models_agr": 0.4302717578259374
}