{
  "acc": 0.435,
  "agr": -0.18028855826641155,
  "models_acc": 0.59,
  "models_agr": -0.04723398793479672
}