{
  "acc": 0.3918495297805643,
  "agr": -0.27007781539587894,
  "models_acc": 0.6112852664576802,
  "models_agr": 0.178372305899975
}