{
  "acc": 0.5658307210031348,
  "agr": 0.08436744214821162,
  "models_acc": 0.64576802507837,
  "models_agr": 0.1297919411970938
}