{
  "acc": 0.925,
  "agr": 0.8462012468030691,
  "models_acc": 0.93,
  "models_agr": 0.8554829339143064
}