{
  "acc": 0.37617554858934166,
  "agr": -0.24858477152532976,
  "models_acc": 0.8369905956112853,
  "models_agr": 0.670053390708423
}