{
  "acc": 0.2884012539184953,
  "agr": -0.4299246823563858,
  "models_acc": 0.6990595611285266,
  "models_agr": 0.3889688249400479
}