{
  "acc": 0.7037617554858935,
  "agr": 0.40506646701585086,
  "models_acc": 0.877742946708464,
  "models_agr": 0.7544794188861985
}