{
  "acc": 0.7821316614420063,
  "agr": 0.563758746531069,
  "models_acc": 0.8526645768025078,
  "models_agr": 0.7041162227602906
}