{
  "acc": 0.841692789968652,
  "agr": 0.6805664040628009,
  "models_acc": 0.9216300940438872,
  "models_agr": 0.8385297845373891
}