{
  "acc": 0.3495297805642633,
  "agr": -0.32493973393730646,
  "models_acc": 0.5579937304075235,
  "models_agr": 0.11612230237066634
}