{
  "acc": 0.49,
  "agr": -0.14213755454104726,
  "models_acc": 0.9,
  "models_agr": 0.3925518925518925
}