{
  "acc": 0.4952978056426332,
  "agr": -0.2489310625641752,
  "models_acc": 0.8934169278996865,
  "models_agr": 0.23524011299435033
}