{
  "acc": 0.49059561128526646,
  "agr": -0.03848849849755598,
  "models_acc": 0.670846394984326,
  "models_agr": 0.34179320389304946
}