{
  "acc": 0.4231974921630094,
  "agr": -0.28461150624850096,
  "models_acc": 0.8056426332288401,
  "models_agr": 0.4019685039370079
}