{
  "acc": 0.915,
  "agr": 0.8286476297919692,
  "models_acc": 0.89,
  "models_agr": 0.780022108330821
}