{
  "acc": 0.75,
  "agr": 0.501652489747038,
  "models_acc": 0.74,
  "models_agr": 0.47225622195022443
}