{
  "acc": 0.7006269592476488,
  "agr": 0.37987717488621314,
  "models_acc": 0.8840125391849529,
  "models_agr": 0.7358238900657946
}