{
  "acc": 0.8166144200626959,
  "agr": 0.6325648364500865,
  "models_acc": 0.9090909090909091,
  "models_agr": 0.8170573496934945
}