{
  "acc": 0.855,
  "agr": 0.699884608759289,
  "models_acc": 0.83,
  "models_agr": 0.6391466666666666
}