{
  "acc": 0.4106583072100314,
  "agr": -0.3068949622316066,
  "models_acc": 0.8181818181818182,
  "models_agr": 0.43403799019607847
}