{
  "acc": 0.6300940438871474,
  "agr": 0.24606560395899557,
  "models_acc": 0.6865203761755486,
  "models_agr": 0.35337826863732336
}