{
  "acc": 0.87,
  "agr": 0.7318951115016205,
  "models_acc": 0.88,
  "models_agr": 0.75125
}