{
  "acc": 0.425,
  "agr": -0.20573713045037234,
  "models_acc": 0.59,
  "models_agr": -0.0009814746656851003
}