{
  "acc": 0.3934169278996865,
  "agr": -0.3468658310539734,
  "models_acc": 0.7962382445141066,
  "models_agr": 0.3619889979505986
}