{
  "acc": 0.83,
  "agr": 0.6603017797495043,
  "models_acc": 0.76,
  "models_agr": 0.5206744279405862
}