{
  "acc": 0.87,
  "agr": 0.7406453698056593,
  "models_acc": 0.88,
  "models_agr": 0.7603372139702931
}