{
  "acc": 0.685,
  "agr": 0.36123087031255185,
  "models_acc": 0.79,
  "models_agr": 0.48730217151269783
}