{
  "acc": 0.74,
  "agr": 0.4817708333333333,
  "models_acc": 0.78,
  "models_agr": 0.5593800322061191
}