{
  "acc": 0.655,
  "agr": 0.30467208538484847,
  "models_acc": 0.75,
  "models_agr": 0.42358938709303673
}