{
  "acc": 0.55,
  "agr": 0.004408797905194828,
  "models_acc": 0.78,
  "models_agr": 0.14156862745098042
}