{
  "acc": 0.5235109717868338,
  "agr": 0.026759520715600782,
  "models_acc": 0.7492163009404389,
  "models_agr": 0.466499162479062
}