{
  "acc": 0.46394984326018807,
  "agr": -0.08839720558185638,
  "models_acc": 0.6050156739811913,
  "models_agr": 0.20902317880794707
}