{
  "acc": 0.85,
  "agr": 0.6918465736763387,
  "models_acc": 0.86,
  "models_agr": 0.7097916666666667
}