{
  "acc": 0.42500000000000004,
  "agr": -0.30232437259214184,
  "models_acc": 0.27,
  "models_agr": -0.4563408521303258
}