{
  "acc": 0.8463949843260188,
  "agr": 0.692055483008898,
  "models_acc": 0.9184952978056427,
  "models_agr": 0.8356944444444445
}