{
  "acc": 0.55,
  "agr": 0.0003453097289948248,
  "models_acc": 0.74,
  "models_agr": 0.03757440476190477
}