{
  "acc": 0.825,
  "agr": 0.6392409250405957,
  "models_acc": 0.85,
  "models_agr": 0.6877288419290721
}