{
  "acc": 0.92,
  "agr": 0.8371173523222651,
  "models_acc": 0.96,
  "models_agr": 0.9188086495308038
}