{
  "acc": 0.895,
  "agr": 0.7851786392760635,
  "models_acc": 0.85,
  "models_agr": 0.6926166203274637
}