{
  "acc": 0.38557993730407525,
  "agr": -0.34886238167990047,
  "models_acc": 0.335423197492163,
  "models_agr": -0.3273963985216639
}