{
  "acc": 0.634796238244514,
  "agr": 0.26416417107974394,
  "models_acc": 0.8463949843260188,
  "models_agr": 0.6855461863168817
}