{
  "acc": 0.49216300940438873,
  "agr": -0.05844978605074658,
  "models_acc": 0.768025078369906,
  "models_agr": 0.46477881733127446
}