{
  "acc": 0.38557993730407525,
  "agr": -0.24285690995893094,
  "models_acc": 0.7115987460815048,
  "models_agr": 0.4239600534717308
}