{
  "acc": 0.49216300940438873,
  "agr": -0.015609517124597905,
  "models_acc": 0.768025078369906,
  "models_agr": 0.53673637864612
}