{
  "acc": 0.6081504702194358,
  "agr": 0.20234929553693698,
  "models_acc": 0.7366771159874608,
  "models_agr": 0.4542227662178703
}