{
  "acc": 0.935,
  "agr": 0.8689907312366879,
  "models_acc": 0.91,
  "models_agr": 0.8200180886343081
}