{
  "acc": 0.6880877742946708,
  "agr": 0.3724867328249362,
  "models_acc": 0.8338557993730408,
  "models_agr": 0.6656565356467314
}