{
  "acc": 0.85,
  "agr": 0.6963891626529326,
  "models_acc": 0.82,
  "models_agr": 0.6381818181818182
}