{
  "acc": 0.4670846394984326,
  "agr": -0.23379515656287453,
  "models_acc": 0.8369905956112853,
  "models_agr": 0.3405797101449276
}