{
  "acc": 0.895,
  "agr": 0.7872442662835886,
  "models_acc": 0.87,
  "models_agr": 0.7381313898167832
}