{
  "acc": 0.5454545454545454,
  "agr": 0.08941012905416873,
  "models_acc": 0.7115987460815048,
  "models_agr": 0.4124087591240876
}