{
  "acc": 0.46865203761755486,
  "agr": -0.10647515545765363,
  "models_acc": 0.64576802507837,
  "models_agr": 0.18485929449068572
}