{
  "acc": 0.4263322884012539,
  "agr": -0.2672546179036509,
  "models_acc": 0.8244514106583072,
  "models_agr": 0.4659240627620074
}