{
  "acc": 0.9450000000000001,
  "agr": 0.8876141036064659,
  "models_acc": 0.93,
  "models_agr": 0.856554422819483
}