{
  "acc": 0.815,
  "agr": 0.6085861717372134,
  "models_acc": 0.81,
  "models_agr": 0.5817015156543865
}