{
  "acc": 0.79,
  "agr": 0.566373685908369,
  "models_acc": 0.74,
  "models_agr": 0.4610416666666667
}