{
  "acc": 0.885,
  "agr": 0.7675240170901217,
  "models_acc": 0.93,
  "models_agr": 0.8595624558927311
}