{
  "acc": 0.92,
  "agr": 0.8375457157784744,
  "models_acc": 0.9,
  "models_agr": 0.7980925324675325
}