{
  "acc": 0.3150470219435737,
  "agr": -0.39850285407376607,
  "models_acc": 0.6896551724137931,
  "models_agr": 0.3429910923581809
}