{
  "acc": 0.7100313479623825,
  "agr": 0.4059560123250019,
  "models_acc": 0.890282131661442,
  "models_agr": 0.7619606880131538
}