{
  "acc": 0.905,
  "agr": 0.8079055105966153,
  "models_acc": 0.89,
  "models_agr": 0.7793124306885775
}