{
  "acc": 0.855,
  "agr": 0.7079057415559674,
  "models_acc": 0.81,
  "models_agr": 0.6209523809523809
}