{
  "acc": 0.92,
  "agr": 0.8384655247143808,
  "models_acc": 0.94,
  "models_agr": 0.8798309178743962
}