{
  "acc": 0.855,
  "agr": 0.7052245448072424,
  "models_acc": 0.83,
  "models_agr": 0.6558844471569525
}