{
  "acc": 0.47962382445141066,
  "agr": -0.19024107498157283,
  "models_acc": 0.8432601880877743,
  "models_agr": 0.4352035749751738
}