{
  "acc": 0.5094043887147335,
  "agr": -0.09931220674892893,
  "models_acc": 0.7460815047021944,
  "models_agr": 0.1645698741924515
}