{
  "acc": 0.40752351097178685,
  "agr": -0.2773547167238335,
  "models_acc": 0.7053291536050157,
  "models_agr": 0.20366528354080227
}