{
  "acc": 0.855,
  "agr": 0.6949897157031795,
  "models_acc": 0.85,
  "models_agr": 0.6697643544639893
}