{
  "acc": 0.865,
  "agr": 0.7239754274621939,
  "models_acc": 0.83,
  "models_agr": 0.6539130434782608
}