{
  "acc": 0.525,
  "agr": -0.04514176045449647,
  "models_acc": 0.77,
  "models_agr": 0.1263599923649552
}