{
  "acc": 0.44,
  "agr": -0.29253456419395796,
  "models_acc": 0.94,
  "models_agr": 0.371578947368421
}