{
  "acc": 0.85,
  "agr": 0.6913778275111042,
  "models_acc": 0.8,
  "models_agr": 0.5886730053741216
}