{
  "acc": 0.6003134796238244,
  "agr": 0.19976867200021925,
  "models_acc": 0.7523510971786834,
  "models_agr": 0.5016389870960714
}