{
  "acc": 0.505,
  "agr": 0.0029303458423503015,
  "models_acc": 0.43,
  "models_agr": -0.13532178961064956
}