{
  "acc": 0.59,
  "agr": 0.18401840184018403,
  "models_acc": 0.62,
  "models_agr": 0.22868217054263562
}