{
  "acc": 0.4952978056426332,
  "agr": -0.30412034506572383,
  "models_acc": 0.9561128526645768,
  "models_agr": 0.3948154180238871
}