{
  "acc": 0.3573667711598746,
  "agr": -0.32561971258590794,
  "models_acc": 0.6865203761755486,
  "models_agr": 0.2979633221654029
}