{
  "acc": 0.7821316614420063,
  "agr": 0.562273217491011,
  "models_acc": 0.9467084639498433,
  "models_agr": 0.8918840666526892
}