{
  "acc": 0.5,
  "agr": -0.04652376910016981,
  "models_acc": 0.78,
  "models_agr": 0.3159375
}