{
  "acc": 0.715,
  "agr": 0.43282114211421147,
  "models_acc": 0.97,
  "models_agr": 0.9385233240654928
}