{
  "acc": 0.525,
  "agr": 0.04424465438349251,
  "models_acc": 0.57,
  "models_agr": 0.03972618112445281
}