{
  "acc": 0.895,
  "agr": 0.7877202460667591,
  "models_acc": 0.91,
  "models_agr": 0.8194374432906543
}