{
  "acc": 0.5783699059561129,
  "agr": 0.15693330630549296,
  "models_acc": 0.8275862068965517,
  "models_agr": 0.6556587547299622
}