{
  "acc": 0.915,
  "agr": 0.8267880233232462,
  "models_acc": 0.97,
  "models_agr": 0.9389258312020461
}