{
  "acc": 0.6238244514106583,
  "agr": 0.2428130926877809,
  "models_acc": 0.799373040752351,
  "models_agr": 0.5992765589368563
}