{
  "acc": 0.825,
  "agr": 0.6479817470772017,
  "models_acc": 0.75,
  "models_agr": 0.5000502462064115
}