{
  "acc": 0.6927899686520376,
  "agr": 0.38404183286156995,
  "models_acc": 0.8620689655172413,
  "models_agr": 0.7239599747872676
}