{
  "acc": 0.345,
  "agr": -0.38370119457331575,
  "models_acc": 0.47,
  "models_agr": -0.05565008507656888
}