{
  "acc": 0.78,
  "agr": 0.5586189153077996,
  "models_acc": 0.8,
  "models_agr": 0.5994363929146538
}