{
  "acc": 0.895,
  "agr": 0.7837817067659137,
  "models_acc": 0.89,
  "models_agr": 0.7710011507479861
}