{
  "acc": 0.6677115987460815,
  "agr": 0.3326876513317191,
  "models_acc": 0.8244514106583072,
  "models_agr": 0.6441340782122905
}