{
  "acc": 0.79,
  "agr": 0.5775028222495895,
  "models_acc": 0.76,
  "models_agr": 0.5216346153846154
}