{
  "acc": 0.40282131661442006,
  "agr": -0.22453049353569354,
  "models_acc": 0.6394984326018809,
  "models_agr": 0.2697648454399554
}