{
  "acc": 0.3949843260188088,
  "agr": -0.2346346275777177,
  "models_acc": 0.7115987460815048,
  "models_agr": 0.4037037037037037
}