{
  "acc": 0.825,
  "agr": 0.6492150732527677,
  "models_acc": 0.81,
  "models_agr": 0.6218621862186219
}