{
  "acc": 0.49,
  "agr": -0.055202231407736,
  "models_acc": 0.64,
  "models_agr": 0.04479999999999995
}