{
  "acc": 0.4482758620689655,
  "agr": -0.29415808669750965,
  "models_acc": 0.8620689655172413,
  "models_agr": 0.3852430250921214
}