{
  "acc": 0.390282131661442,
  "agr": -0.3193822202553289,
  "models_acc": 0.7648902821316614,
  "models_agr": 0.35032704624882705
}