{
  "acc": 0.40909090909090906,
  "agr": -0.3089055193115251,
  "models_acc": 0.8275862068965517,
  "models_agr": 0.46642603676459393
}