{
  "acc": 0.5799373040752351,
  "agr": 0.1475102822474219,
  "models_acc": 0.6990595611285266,
  "models_agr": 0.39472642331142616
}