{
  "acc": 0.8166144200626959,
  "agr": 0.6308465000865445,
  "models_acc": 0.8526645768025078,
  "models_agr": 0.6989754366208513
}