{
  "acc": 0.4952978056426332,
  "agr": -0.3196403331621419,
  "models_acc": 0.9623824451410659,
  "models_agr": 0.3150537634408602
}