{
  "acc": 0.5376175548589341,
  "agr": 0.07456930090074199,
  "models_acc": 0.5329153605015674,
  "models_agr": 0.06549500319992119
}