{
  "acc": 0.329153605015674,
  "agr": -0.37064990286920185,
  "models_acc": 0.6614420062695925,
  "models_agr": 0.3236196319018404
}