{
  "acc": 0.4702194357366771,
  "agr": -0.1705341633807237,
  "models_acc": 0.768025078369906,
  "models_agr": 0.30955589407077566
}