{
  "acc": 0.47492163009404387,
  "agr": -0.13752505899228662,
  "models_acc": 0.6332288401253918,
  "models_agr": 0.09289078759995617
}