{
  "acc": 0.66,
  "agr": 0.3150885415156743,
  "models_acc": 0.76,
  "models_agr": 0.45128676470588236
}