{
  "acc": 0.45,
  "agr": -0.15028027532527238,
  "models_acc": 0.56,
  "models_agr": -0.08581349206349209
}