{
  "acc": 0.895,
  "agr": 0.7867877102816861,
  "models_acc": 0.93,
  "models_agr": 0.8589938252859601
}