{
  "acc": 0.5595611285266457,
  "agr": 0.11296207091681759,
  "models_acc": 0.7084639498432602,
  "models_agr": 0.40435565118593975
}