{
  "acc": 0.4090909090909091,
  "agr": -0.2851707391451165,
  "models_acc": 0.7272727272727273,
  "models_agr": 0.23217922606924646
}