{
  "acc": 0.4231974921630094,
  "agr": -0.2871021046950276,
  "models_acc": 0.34169278996865204,
  "models_agr": -0.3155979543666403
}