{
  "acc": 0.46499999999999997,
  "agr": -0.20963014771894628,
  "models_acc": 0.91,
  "models_agr": 0.3545945945945945
}