{
  "acc": 0.715,
  "agr": 0.42869913367520074,
  "models_acc": 0.99,
  "models_agr": 0.9776680507238245
}