{
  "acc": 0.47178683385579934,
  "agr": -0.3086367621258731,
  "models_acc": 0.9843260188087775,
  "models_agr": 0.8853367894301041
}