{
  "acc": 0.4341692789968652,
  "agr": -0.3067188724870987,
  "models_acc": 0.8652037617554859,
  "models_agr": 0.46901230977997477
}