{
  "acc": 0.5815047021943573,
  "agr": 0.141756045041734,
  "models_acc": 0.6206896551724138,
  "models_agr": 0.24014905803602238
}