{
  "acc": 0.47492163009404387,
  "agr": -0.1927091292012656,
  "models_acc": 0.5642633228840125,
  "models_agr": -0.15294868289125874
}