{
  "acc": 0.39184952978056425,
  "agr": -0.2344670566421322,
  "models_acc": 0.6677115987460815,
  "models_agr": 0.29541280574338424
}