{
  "acc": 0.64,
  "agr": 0.26902339564210603,
  "models_acc": 0.74,
  "models_agr": 0.3583829365079365
}