{
  "acc": 0.755,
  "agr": 0.5059520317053822,
  "models_acc": 0.73,
  "models_agr": 0.4622159943949554
}