{
  "acc": 0.4498432601880878,
  "agr": -0.12278145193626899,
  "models_acc": 0.7147335423197492,
  "models_agr": 0.39608272125852995
}