{
  "acc": 0.73,
  "agr": 0.44016763042939233,
  "models_acc": 0.6,
  "models_agr": 0.2011240465676435
}