{
  "acc": 0.3699059561128527,
  "agr": -0.26044765965166916,
  "models_acc": 0.7366771159874608,
  "models_agr": 0.4735537190082645
}