{
  "acc": 0.768025078369906,
  "agr": 0.5323126139359232,
  "models_acc": 0.8683385579937304,
  "models_agr": 0.7317518248175183
}