{
  "acc": 0.43999999999999995,
  "agr": -0.31666900854662927,
  "models_acc": 0.94,
  "models_agr": -0.025773195876288568
}