{
  "acc": 0.6269592476489028,
  "agr": 0.2547082931419914,
  "models_acc": 0.6802507836990596,
  "models_agr": 0.36134701580561457
}