{
  "acc": 0.77,
  "agr": 0.535938513336369,
  "models_acc": 0.8,
  "models_agr": 0.6018407362945178
}