{
  "acc": 0.435,
  "agr": -0.3329915111776267,
  "models_acc": 0.95,
  "models_agr": -0.02051282051282044
}