{
  "acc": 0.49059561128526646,
  "agr": -0.2494150155603475,
  "models_acc": 0.8714733542319749,
  "models_agr": 0.1576519916142558
}