{
  "acc": 0.62,
  "agr": 0.2335360012772072,
  "models_acc": 0.76,
  "models_agr": 0.44179523141654975
}