{
  "acc": 0.92,
  "agr": 0.8380456625178168,
  "models_acc": 0.9,
  "models_agr": 0.7989898989898989
}