{
  "acc": 0.7366771159874608,
  "agr": 0.4732905274705048,
  "models_acc": 0.8683385579937304,
  "models_agr": 0.7366524923222302
}