{
  "acc": 0.6799999999999999,
  "agr": 0.3623941040720613,
  "models_acc": 0.92,
  "models_agr": 0.838474025974026
}