{
  "acc": 0.96,
  "agr": 0.9187417223194754,
  "models_acc": 0.96,
  "models_agr": 0.919237012987013
}