{
  "acc": 0.48746081504702193,
  "agr": -0.11900991420440443,
  "models_acc": 0.670846394984326,
  "models_agr": 0.14299442629252357
}