{
  "acc": 0.49059561128526646,
  "agr": -0.3135224399905563,
  "models_acc": 0.9655172413793104,
  "models_agr": 0.542773246329527
}