{
  "acc": 0.94,
  "agr": 0.8788555194805194,
  "models_acc": 0.92,
  "models_agr": 0.8397745571658615
}