{
  "acc": 0.6159874608150471,
  "agr": 0.21863279289949078,
  "models_acc": 0.664576802507837,
  "models_agr": 0.32700415691618034
}