{
  "acc": 0.43573667711598746,
  "agr": -0.13681204826444315,
  "models_acc": 0.6865203761755486,
  "models_agr": 0.37352478363493313
}