{
  "acc": 0.88,
  "agr": 0.7531099137656514,
  "models_acc": 0.84,
  "models_agr": 0.6732348111658456
}