{
  "acc": 0.6990595611285266,
  "agr": 0.39819744934096785,
  "models_acc": 0.8620689655172413,
  "models_agr": 0.7245026342690886
}