{
  "acc": 0.65,
  "agr": 0.29634837781056245,
  "models_acc": 0.78,
  "models_agr": 0.5049751243781094
}