{
  "acc": 0.685,
  "agr": 0.3604167187969172,
  "models_acc": 0.71,
  "models_agr": 0.42005828559943725
}