{
  "acc": 0.615,
  "agr": 0.2078683401916821,
  "models_acc": 0.77,
  "models_agr": 0.3814028922827408
}