{
  "acc": 0.49686520376175547,
  "agr": -0.3023867009701243,
  "models_acc": 0.9592476489028213,
  "models_agr": 0.41456344998232597
}