{
  "acc": 0.7115987460815048,
  "agr": 0.42400238951418134,
  "models_acc": 0.8620689655172413,
  "models_agr": 0.7244376278118609
}