{
  "acc": 0.45,
  "agr": -0.29131369798971485,
  "models_acc": 0.94,
  "models_agr": -0.025773195876288568
}