{
  "acc": 0.432601880877743,
  "agr": -0.2562956965834102,
  "models_acc": 0.7931034482758621,
  "models_agr": 0.37748756218905477
}