{
  "acc": 0.91,
  "agr": 0.8157721574942376,
  "models_acc": 0.92,
  "models_agr": 0.8354692021496486
}