{
  "acc": 0.47648902821316613,
  "agr": -0.30371214627988785,
  "models_acc": 0.9059561128526645,
  "models_agr": 0.2688246097337007
}