{
  "acc": 0.38714733542319746,
  "agr": -0.2649617746292897,
  "models_acc": 0.670846394984326,
  "models_agr": 0.29622147163736223
}