{
  "acc": 0.39655172413793105,
  "agr": -0.21339383830815328,
  "models_acc": 0.7147335423197492,
  "models_agr": 0.41931379914850997
}