{
  "acc": 0.9299999999999999,
  "agr": 0.8571096003369221,
  "models_acc": 0.92,
  "models_agr": 0.8366174055829227
}