{
  "acc": 0.3244514106583072,
  "agr": -0.36101398464285683,
  "models_acc": 0.7272727272727273,
  "models_agr": 0.44986449864498645
}