{
  "acc": 0.41849529780564265,
  "agr": -0.34352832027538416,
  "models_acc": 0.8275862068965517,
  "models_agr": 0.3087698530137122
}