{
  "acc": 0.39655172413793105,
  "agr": -0.21990969098905055,
  "models_acc": 0.7021943573667712,
  "models_agr": 0.38499141233980716
}