{
  "acc": 0.6332288401253918,
  "agr": 0.26092668571273814,
  "models_acc": 0.7429467084639498,
  "models_agr": 0.4732351754739814
}