{
  "acc": 0.59,
  "agr": 0.15668083043466935,
  "models_acc": 0.76,
  "models_agr": 0.3453947368421053
}