{
  "acc": 0.3808777429467085,
  "agr": -0.326228445447617,
  "models_acc": 0.4702194357366771,
  "models_agr": -0.05939950992452059
}