{
  "acc": 0.8300000000000001,
  "agr": 0.6537947635105599,
  "models_acc": 0.86,
  "models_agr": 0.7158302733578131
}