{
  "acc": 0.4702194357366771,
  "agr": -0.22126401656193329,
  "models_acc": 0.6865203761755486,
  "models_agr": -0.038135593220339103
}