{
  "acc": 0.4247648902821317,
  "agr": -0.16394259280201595,
  "models_acc": 0.7021943573667712,
  "models_agr": 0.40447956542704466
}