{
  "acc": 0.5579937304075235,
  "agr": 0.10852457084038819,
  "models_acc": 0.7617554858934169,
  "models_agr": 0.5137013821922212
}