{
  "acc": 0.8275862068965517,
  "agr": 0.6514564288884941,
  "models_acc": 0.8871473354231975,
  "models_agr": 0.7666666666666666
}