{
  "acc": 0.935,
  "agr": 0.8670781395127053,
  "models_acc": 0.93,
  "models_agr": 0.856554422819483
}