{
  "acc": 0.965,
  "agr": 0.9288070217177393,
  "models_acc": 0.95,
  "models_agr": 0.8987895432814567
}