{
  "acc": 0.6959247648902822,
  "agr": 0.38693992879278216,
  "models_acc": 0.8432601880877743,
  "models_agr": 0.68121947313636
}