{
  "acc": 0.3667711598746082,
  "agr": -0.29777036998454787,
  "models_acc": 0.5235109717868338,
  "models_agr": 0.04850628930817613
}