{
  "acc": 0.45297805642633227,
  "agr": -0.10332438118328202,
  "models_acc": 0.7021943573667712,
  "models_agr": 0.40532227474179694
}