{
  "acc": 0.775,
  "agr": 0.5498997609806096,
  "models_acc": 0.77,
  "models_agr": 0.5418876989290362
}