{
  "acc": 0.6269592476489028,
  "agr": 0.25075743403714823,
  "models_acc": 0.7931034482758621,
  "models_agr": 0.5861682022206474
}