{
  "acc": 0.88,
  "agr": 0.7533943965517241,
  "models_acc": 0.86,
  "models_agr": 0.7097916666666667
}