{
  "acc": 0.45499999999999996,
  "agr": -0.1949897503108512,
  "models_acc": 0.49,
  "models_agr": -0.3026569118213325
}