{
  "acc": 0.390282131661442,
  "agr": -0.2521336167745273,
  "models_acc": 0.9404388714733543,
  "models_agr": 0.8692203792749473
}