{
  "acc": 0.575,
  "agr": 0.08120574759312016,
  "models_acc": 0.77,
  "models_agr": 0.20744588744588743
}