{
  "acc": 0.775,
  "agr": 0.5446301102145771,
  "models_acc": 0.77,
  "models_agr": 0.5385623550761165
}