{
  "acc": 0.89,
  "agr": 0.7744877801015633,
  "models_acc": 0.94,
  "models_agr": 0.8766019016122365
}