{
  "acc": 0.87,
  "agr": 0.7354770757089216,
  "models_acc": 0.86,
  "models_agr": 0.7158302733578131
}