{
  "acc": 0.7949999999999999,
  "agr": 0.5649456678087292,
  "models_acc": 0.81,
  "models_agr": 0.5756929637526652
}