{
  "acc": 0.3338557993730408,
  "agr": -0.3424490084179478,
  "models_acc": 0.7084639498432602,
  "models_agr": 0.41763578274760393
}