{
  "acc": 0.8213166144200628,
  "agr": 0.6425367186672294,
  "models_acc": 0.9184952978056427,
  "models_agr": 0.8367825607064018
}