{
  "acc": 0.87,
  "agr": 0.7317512795149874,
  "models_acc": 0.86,
  "models_agr": 0.707229928541404
}