{
  "acc": 0.40909090909090906,
  "agr": -0.21707561608860249,
  "models_acc": 0.64576802507837,
  "models_agr": 0.2776255707762556
}