{
  "acc": 0.62,
  "agr": 0.1644650031136261,
  "models_acc": 0.42,
  "models_agr": -0.20229166666666654
}