{
  "acc": 0.9,
  "agr": 0.7985412157287157,
  "models_acc": 0.92,
  "models_agr": 0.8402248093135287
}