{
  "acc": 0.4670846394984326,
  "agr": -0.06645942713282438,
  "models_acc": 0.7053291536050157,
  "models_agr": 0.4099061810154525
}