{
  "acc": 0.8479623824451411,
  "agr": 0.6942433246097165,
  "models_acc": 0.9153605015673981,
  "models_agr": 0.8277084898572502
}