{
  "acc": 0.677115987460815,
  "agr": 0.3513432596835966,
  "models_acc": 0.8495297805642633,
  "models_agr": 0.6962809917355371
}