{
  "acc": 0.7304075235109717,
  "agr": 0.46132971279816726,
  "models_acc": 0.9373040752351097,
  "models_agr": 0.8747739246677676
}