{
  "acc": 0.875,
  "agr": 0.7498439818880631,
  "models_acc": 0.85,
  "models_agr": 0.7014701470147015
}