{
  "acc": 0.5062695924764891,
  "agr": -0.03219292170046495,
  "models_acc": 0.9592476489028213,
  "models_agr": 0.9035803690982127
}