{
  "acc": 0.432601880877743,
  "agr": -0.26277212836502317,
  "models_acc": 0.786833855799373,
  "models_agr": 0.34409448818897637
}