{
  "acc": 0.7774294670846396,
  "agr": 0.5542438022459011,
  "models_acc": 0.8808777429467085,
  "models_agr": 0.7610935649427556
}