{
  "acc": 0.87,
  "agr": 0.7358948309051658,
  "models_acc": 0.84,
  "models_agr": 0.676948051948052
}