{
  "acc": 0.475,
  "agr": -0.11611398287514518,
  "models_acc": 0.29,
  "models_agr": -0.41304130413041307
}