{
  "acc": 0.6943573667711598,
  "agr": 0.37647061811828664,
  "models_acc": 0.7836990595611285,
  "models_agr": 0.5390883065404095
}