{
  "acc": 0.3714733542319749,
  "agr": -0.2679151014274981,
  "models_acc": 0.7272727272727273,
  "models_agr": 0.4457933738012141
}