{
  "acc": 0.47,
  "agr": -0.13511139134089956,
  "models_acc": 0.76,
  "models_agr": 0.1116071428571428
}