{
  "acc": 0.865,
  "agr": 0.7198707389162562,
  "models_acc": 0.87,
  "models_agr": 0.7240533333333333
}