{
  "acc": 0.6081504702194358,
  "agr": 0.21355396289640466,
  "models_acc": 0.7554858934169278,
  "models_agr": 0.5103476821192052
}