{
  "acc": 0.5877742946708464,
  "agr": 0.1682520024683995,
  "models_acc": 0.7335423197492164,
  "models_agr": 0.4677316293929713
}