{
  "acc": 0.4561128526645768,
  "agr": -0.09055548458315721,
  "models_acc": 0.7586206896551724,
  "models_agr": 0.5160959343337181
}