{
  "acc": 0.89,
  "agr": 0.7766991881466867,
  "models_acc": 0.86,
  "models_agr": 0.7173295454545454
}