{
  "acc": 0.92,
  "agr": 0.8391919191919192,
  "models_acc": 0.98,
  "models_agr": 0.960136217948718
}