{
  "acc": 0.46394984326018807,
  "agr": -0.07558963666723495,
  "models_acc": 0.7178683385579937,
  "models_agr": 0.43648266100495403
}