{
  "acc": 0.37460815047021945,
  "agr": -0.3199262953869071,
  "models_acc": 0.6206896551724138,
  "models_agr": 0.16714031011940134
}