{
  "acc": 0.675,
  "agr": 0.34698121444428354,
  "models_acc": 0.59,
  "models_agr": 0.18336502852567316
}