{
  "acc": 0.525,
  "agr": 0.05187928213111165,
  "models_acc": 0.49,
  "models_agr": -0.019897497738920578
}