{
  "acc": 0.86,
  "agr": 0.7139506885598491,
  "models_acc": 0.96,
  "models_agr": 0.9183087027914614
}