{
  "acc": 0.835,
  "agr": 0.6702006223287689,
  "models_acc": 0.85,
  "models_agr": 0.7012311079971975
}