{
  "acc": 0.5736677115987461,
  "agr": 0.13935329749948572,
  "models_acc": 0.6927899686520376,
  "models_agr": 0.36631070326457693
}