{
  "acc": 0.885,
  "agr": 0.7654937447242764,
  "models_acc": 0.85,
  "models_agr": 0.6946291560102302
}