{
  "acc": 0.84,
  "agr": 0.6741097179596947,
  "models_acc": 0.82,
  "models_agr": 0.6346389228886169
}