{
  "acc": 0.495,
  "agr": -0.11663182065381605,
  "models_acc": 0.81,
  "models_agr": -0.0058526203777600205
}