{
  "acc": 0.609717868338558,
  "agr": 0.15060173281292738,
  "models_acc": 0.4012539184952978,
  "models_agr": -0.19566221488447977
}