{
  "acc": 0.77,
  "agr": 0.537266332538159,
  "models_acc": 0.72,
  "models_agr": 0.4419070512820512
}