{
  "acc": 0.8,
  "agr": 0.5852223004735493,
  "models_acc": 0.88,
  "models_agr": 0.7466044142614601
}