{
  "acc": 0.390282131661442,
  "agr": -0.21796896498560325,
  "models_acc": 0.658307210031348,
  "models_agr": 0.3163688278442377
}