{
  "acc": 0.74,
  "agr": 0.48205796741773627,
  "models_acc": 0.78,
  "models_agr": 0.5399327448507777
}