{
  "acc": 0.83,
  "agr": 0.6503720545680033,
  "models_acc": 0.94,
  "models_agr": 0.875625
}