{
  "acc": 0.835,
  "agr": 0.6626340173540883,
  "models_acc": 0.83,
  "models_agr": 0.6516321697044589
}