{
  "acc": 0.5987460815047021,
  "agr": 0.1593064608984716,
  "models_acc": 0.9310344827586207,
  "models_agr": 0.8353618421052632
}