{
  "acc": 0.53,
  "agr": -0.12989478205456528,
  "models_acc": 0.14,
  "models_agr": -0.7141426282051284
}