{
  "acc": 0.87,
  "agr": 0.7297064446638352,
  "models_acc": 0.84,
  "models_agr": 0.6621392190152802
}