{
  "acc": 0.46081504702194354,
  "agr": -0.07862376028059992,
  "models_acc": 0.7304075235109718,
  "models_agr": 0.45777575421648586
}