{
  "acc": 0.47962382445141066,
  "agr": -0.09048661395154978,
  "models_acc": 0.6551724137931034,
  "models_agr": 0.19570707070707072
}