{
  "acc": 0.7586206896551724,
  "agr": 0.5154792950845581,
  "models_acc": 0.8746081504702194,
  "models_agr": 0.7461949159295561
}