{
  "acc": 0.5909090909090909,
  "agr": 0.1756612122796224,
  "models_acc": 0.6896551724137931,
  "models_agr": 0.3783037747567456
}