{
  "acc": 0.8589341692789969,
  "agr": 0.7175976480448136,
  "models_acc": 0.8996865203761756,
  "models_agr": 0.7988156336360047
}