{
  "acc": 0.5015673981191222,
  "agr": 0.0013229814681667285,
  "models_acc": 0.7554858934169278,
  "models_agr": 0.5103476821192052
}