{
  "acc": 0.58,
  "agr": 0.1637897249839087,
  "models_acc": 0.5,
  "models_agr": -0.009537337662337553
}