{
  "acc": 0.815,
  "agr": 0.6239086173197619,
  "models_acc": 0.83,
  "models_agr": 0.6558844471569525
}