{
  "acc": 0.87,
  "agr": 0.726917171401432,
  "models_acc": 0.88,
  "models_agr": 0.7375824175824175
}