{
  "acc": 0.49373040752351094,
  "agr": -0.03498843556097497,
  "models_acc": 0.7147335423197492,
  "models_agr": 0.3834412925322016
}