{
  "acc": 0.835,
  "agr": 0.6654417420210776,
  "models_acc": 0.83,
  "models_agr": 0.6575564328373318
}