{
  "acc": 0.5235109717868338,
  "agr": 0.04802664609414403,
  "models_acc": 0.6238244514106583,
  "models_agr": 0.24864354800660537
}