{
  "acc": 0.3134796238244514,
  "agr": -0.3725423687447431,
  "models_acc": 0.8557993730407524,
  "models_agr": 0.7119120654396728
}