{
  "acc": 0.55,
  "agr": 0.10044027022243196,
  "models_acc": 0.62,
  "models_agr": 0.17947048611111116
}