{
  "acc": 0.5799373040752351,
  "agr": 0.1351583275671499,
  "models_acc": 0.6551724137931034,
  "models_agr": 0.3020360188062794
}