{
  "acc": 0.885,
  "agr": 0.7666867001806761,
  "models_acc": 0.89,
  "models_agr": 0.7784188683065087
}