{
  "acc": 0.885,
  "agr": 0.7674795875325771,
  "models_acc": 0.85,
  "models_agr": 0.6990624054844239
}