{
  "acc": 0.5700000000000001,
  "agr": 0.0913039232711364,
  "models_acc": 0.84,
  "models_agr": 0.4607046070460704
}