{
  "acc": 0.94,
  "agr": 0.8779272092849679,
  "models_acc": 0.9,
  "models_agr": 0.7980925324675325
}