{
  "acc": 0.5940438871473355,
  "agr": 0.1858767201174119,
  "models_acc": 0.7084639498432602,
  "models_agr": 0.413948657070782
}