{
  "acc": 0.6912225705329154,
  "agr": 0.3764098859246641,
  "models_acc": 0.6833855799373041,
  "models_agr": 0.36574425505486163
}