{
  "acc": 0.81,
  "agr": 0.6178389092791268,
  "models_acc": 0.94,
  "models_agr": 0.8804086538461539
}