{
  "acc": 0.6081504702194358,
  "agr": 0.20338854065522438,
  "models_acc": 0.7554858934169278,
  "models_agr": 0.48777319587628865
}