{
  "acc": 0.42006269592476486,
  "agr": -0.26556298762550967,
  "models_acc": 0.7617554858934169,
  "models_agr": 0.31264198091776463
}