{
  "acc": 0.4059561128526646,
  "agr": -0.25440838027854284,
  "models_acc": 0.7523510971786834,
  "models_agr": 0.39162445446522487
}