{
  "acc": 0.3510971786833856,
  "agr": -0.32956123552035677,
  "models_acc": 0.5862068965517241,
  "models_agr": 0.12258953168044073
}