{
  "acc": 0.665,
  "agr": 0.3160532890092249,
  "models_acc": 0.85,
  "models_agr": 0.6168656141701964
}