{
  "acc": 0.685,
  "agr": 0.3560620503039589,
  "models_acc": 0.69,
  "models_agr": 0.29698005698005703
}