{
  "acc": 0.4012539184952978,
  "agr": -0.3047688943574306,
  "models_acc": 0.780564263322884,
  "models_agr": 0.3731725146198831
}