{
  "acc": 0.56,
  "agr": 0.11373985925013441,
  "models_acc": 0.74,
  "models_agr": 0.40556066176470584
}