{
  "acc": 0.38557993730407525,
  "agr": -0.25185567894500305,
  "models_acc": 0.9247648902821317,
  "models_agr": 0.8337538060026098
}