{
  "acc": 0.5924764890282133,
  "agr": 0.1626852242163475,
  "models_acc": 0.4169278996865204,
  "models_agr": -0.16846153846153866
}