{
  "acc": 0.5094043887147335,
  "agr": 0.02011750476963653,
  "models_acc": 0.6394984326018809,
  "models_agr": 0.2800986664308106
}