{
  "acc": 0.7617554858934169,
  "agr": 0.5192583953563504,
  "models_acc": 0.8369905956112853,
  "models_agr": 0.6672693667630987
}