{
  "acc": 0.87,
  "agr": 0.735982079389167,
  "models_acc": 0.86,
  "models_agr": 0.7173295454545454
}