{
  "acc": 0.745,
  "agr": 0.4898958759853565,
  "models_acc": 0.73,
  "models_agr": 0.4622159943949554
}