{
  "acc": 0.48119122257053293,
  "agr": -0.07345971027951581,
  "models_acc": 0.7711598746081505,
  "models_agr": 0.49099685847827756
}