{
  "acc": 0.89,
  "agr": 0.7762113923641327,
  "models_acc": 0.86,
  "models_agr": 0.7158302733578131
}