{
  "acc": 0.6128526645768024,
  "agr": 0.22367538562664152,
  "models_acc": 0.7084639498432602,
  "models_agr": 0.41637357765627314
}