{
  "acc": 0.56,
  "agr": 0.047359764099342005,
  "models_acc": 0.8,
  "models_agr": 0.294826364280652
}