{
  "acc": 0.78,
  "agr": 0.5610583115240506,
  "models_acc": 0.84,
  "models_agr": 0.6804496186270574
}