{
  "acc": 0.85,
  "agr": 0.6841536625911626,
  "models_acc": 0.86,
  "models_agr": 0.6938461538461538
}