{
  "acc": 0.38557993730407525,
  "agr": -0.23482448286471258,
  "models_acc": 0.7304075235109718,
  "models_agr": 0.44259259259259254
}