{
  "acc": 0.5532915360501567,
  "agr": 0.1052858434777893,
  "models_acc": 0.7899686520376176,
  "models_agr": 0.5803317698653845
}