{
  "acc": 0.475,
  "agr": -0.07844682438192674,
  "models_acc": 0.67,
  "models_agr": 0.11244762805784558
}