{
  "acc": 0.855,
  "agr": 0.7051694960353361,
  "models_acc": 0.87,
  "models_agr": 0.7368528125317872
}