{
  "acc": 0.7050000000000001,
  "agr": 0.40267061598941056,
  "models_acc": 0.77,
  "models_agr": 0.5385623550761165
}