{
  "acc": 0.6159874608150471,
  "agr": 0.2292947168143485,
  "models_acc": 0.7084639498432602,
  "models_agr": 0.413948657070782
}