{
  "acc": 0.2695924764890282,
  "agr": -0.4698820710889854,
  "models_acc": 0.7429467084639498,
  "models_agr": 0.48645194274028625
}