{
  "acc": 0.45499999999999996,
  "agr": -0.26332717878252854,
  "models_acc": 0.95,
  "models_agr": 0.42117510180337403
}