{
  "acc": 0.7178683385579938,
  "agr": 0.4328420827983007,
  "models_acc": 0.8746081504702194,
  "models_agr": 0.7458100558659218
}