{
  "acc": 0.5721003134796239,
  "agr": 0.13285847593168448,
  "models_acc": 0.7147335423197492,
  "models_agr": 0.4032449015308276
}