{
  "acc": 0.855,
  "agr": 0.7086798465891961,
  "models_acc": 0.89,
  "models_agr": 0.7809028125312781
}