{
  "acc": 0.8,
  "agr": 0.5950972623902877,
  "models_acc": 0.74,
  "models_agr": 0.47737373737373734
}