{
  "acc": 0.48119122257053293,
  "agr": -0.3225758544414292,
  "models_acc": 0.9467084639498433,
  "models_agr": 0.4245097518201626
}