{
  "acc": 0.6786833855799372,
  "agr": 0.35832112305365704,
  "models_acc": 0.8150470219435737,
  "models_agr": 0.6306157550739594
}