{
  "acc": 0.8134796238244514,
  "agr": 0.6253093914432861,
  "models_acc": 0.8840125391849529,
  "models_agr": 0.7646888509499705
}