{
  "acc": 0.84,
  "agr": 0.6751305451802565,
  "models_acc": 0.84,
  "models_agr": 0.6804496186270574
}