{
  "acc": 0.41,
  "agr": -0.24999045972309164,
  "models_acc": 0.88,
  "models_agr": 0.5955284552845528
}