{
  "acc": 0.74,
  "agr": 0.48234905564422925,
  "models_acc": 0.7,
  "models_agr": 0.3910648714810281
}