{
  "acc": 0.48589341692789967,
  "agr": -0.17113744817309795,
  "models_acc": 0.8369905956112853,
  "models_agr": 0.42131376659678543
}