{
  "acc": 0.935,
  "agr": 0.8672560473404811,
  "models_acc": 0.93,
  "models_agr": 0.856554422819483
}