{
  "acc": 0.615,
  "agr": 0.12557148157082137,
  "models_acc": 0.35,
  "models_agr": -0.315735937341064
}