{
  "acc": 0.5893416927899686,
  "agr": 0.1509078957224293,
  "models_acc": 0.6050156739811913,
  "models_agr": 0.1154337859284077
}