{
  "acc": 0.40282131661442006,
  "agr": -0.19522022749992496,
  "models_acc": 0.7586206896551724,
  "models_agr": 0.5124596193032156
}