{
  "acc": 0.5219435736677116,
  "agr": -0.015312865616949556,
  "models_acc": 0.6896551724137931,
  "models_agr": 0.23760532901338305
}