{
  "acc": 0.27586206896551724,
  "agr": -0.44864250725689414,
  "models_acc": 0.774294670846395,
  "models_agr": 0.5489378442171519
}