{
  "acc": 0.845,
  "agr": 0.6858573602573828,
  "models_acc": 0.85,
  "models_agr": 0.6978439113270574
}