{
  "acc": 0.7272727272727273,
  "agr": 0.45356862605221854,
  "models_acc": 0.8432601880877743,
  "models_agr": 0.6853761656393236
}