{
  "acc": 0.6912225705329154,
  "agr": 0.37328758396816814,
  "models_acc": 0.8150470219435737,
  "models_agr": 0.6205921842979295
}