{
  "acc": 0.6473354231974922,
  "agr": 0.2915567830603025,
  "models_acc": 0.6959247648902821,
  "models_agr": 0.38310320384181473
}