{
  "acc": 0.48589341692789967,
  "agr": -0.06825992527085567,
  "models_acc": 0.5736677115987461,
  "models_agr": 0.04074763043670826
}