{
  "acc": 0.835,
  "agr": 0.6615920984593202,
  "models_acc": 0.81,
  "models_agr": 0.610647719081454
}