{
  "acc": 0.7931034482758621,
  "agr": 0.5840925953405549,
  "models_acc": 0.8746081504702194,
  "models_agr": 0.7449755785090879
}