{
  "acc": 0.755,
  "agr": 0.49290140807028027,
  "models_acc": 0.87,
  "models_agr": 0.7268503853869708
}