{
  "acc": 0.845,
  "agr": 0.6815571878491782,
  "models_acc": 0.85,
  "models_agr": 0.6903205726735139
}