{
  "acc": 0.6410658307210031,
  "agr": 0.27162919105804073,
  "models_acc": 0.7335423197492164,
  "models_agr": 0.44972915840930117
}