{
  "acc": 0.66,
  "agr": 0.3137671778415001,
  "models_acc": 0.72,
  "models_agr": 0.348761103319308
}