{
  "acc": 0.6950000000000001,
  "agr": 0.38757941910596777,
  "models_acc": 0.73,
  "models_agr": 0.46264626462646263
}