{
  "acc": 0.81,
  "agr": 0.6130239917754945,
  "models_acc": 0.82,
  "models_agr": 0.6346389228886169
}