{
  "acc": 0.7147335423197492,
  "agr": 0.4177605385643403,
  "models_acc": 0.8746081504702194,
  "models_agr": 0.7323529411764707
}