{
  "acc": 0.595,
  "agr": 0.14215175597103902,
  "models_acc": 0.69,
  "models_agr": 0.11555555555555552
}