{
  "acc": 0.665,
  "agr": 0.3312607391622372,
  "models_acc": 0.67,
  "models_agr": 0.3416541353383459
}