{
  "acc": 0.2946708463949843,
  "agr": -0.42942568937550674,
  "models_acc": 0.6489028213166145,
  "models_agr": 0.2987339781394983
}