{
  "acc": 0.8200000000000001,
  "agr": 0.6404932741863704,
  "models_acc": 0.84,
  "models_agr": 0.6810897435897436
}