{
  "acc": 0.5893416927899686,
  "agr": 0.17501721763085393,
  "models_acc": 0.7178683385579937,
  "models_agr": 0.42975650513248986
}