{
  "acc": 0.43103448275862066,
  "agr": -0.2654193592206633,
  "models_acc": 0.7711598746081505,
  "models_agr": 0.31520506590089103
}