{
  "acc": 0.40752351097178685,
  "agr": -0.21642187125694834,
  "models_acc": 0.7241379310344828,
  "models_agr": 0.39043062200956946
}