{
  "acc": 0.40752351097178685,
  "agr": -0.18408266997921208,
  "models_acc": 0.786833855799373,
  "models_agr": 0.5742313438704097
}