{
  "acc": 0.46238244514106586,
  "agr": -0.08548752496852152,
  "models_acc": 0.670846394984326,
  "models_agr": 0.34249201277955277
}