{
  "acc": 0.655,
  "agr": 0.3000174650213395,
  "models_acc": 0.93,
  "models_agr": 0.829100723837566
}