{
  "acc": 0.5047021943573667,
  "agr": -0.24178860501790844,
  "models_acc": 0.8808777429467085,
  "models_agr": 0.03299776286353473
}