{
  "acc": 0.45768025078369906,
  "agr": -0.24490488917191333,
  "models_acc": 0.1974921630094044,
  "models_agr": -0.6060510557831704
}