{
  "acc": 0.7821316614420063,
  "agr": 0.5646450431702332,
  "models_acc": 0.9153605015673981,
  "models_agr": 0.830926517571885
}