{
  "acc": 0.542319749216301,
  "agr": 0.0847327434503728,
  "models_acc": 0.7617554858934169,
  "models_agr": 0.5213178294573644
}