{
  "acc": 0.87,
  "agr": 0.7386582570006484,
  "models_acc": 0.84,
  "models_agr": 0.6810897435897436
}