{
  "acc": 0.93,
  "agr": 0.8574936061381074,
  "models_acc": 0.98,
  "models_agr": 0.9594043247654018
}