{
  "acc": 0.685,
  "agr": 0.3714137147171199,
  "models_acc": 0.75,
  "models_agr": 0.46933333333333327
}