{
  "acc": 0.8300000000000001,
  "agr": 0.6547827803953307,
  "models_acc": 0.84,
  "models_agr": 0.676948051948052
}