{
  "acc": 0.8448275862068966,
  "agr": 0.6866823178448075,
  "models_acc": 0.9780564263322884,
  "models_agr": 0.9546835777513543
}