{
  "acc": 0.47492163009404387,
  "agr": -0.08235681254416904,
  "models_acc": 0.7460815047021944,
  "models_agr": 0.4326571004453241
}