{
  "acc": 0.875,
  "agr": 0.7409748414018298,
  "models_acc": 0.87,
  "models_agr": 0.7268503853869708
}