{
  "acc": 0.655,
  "agr": 0.31051289213573646,
  "models_acc": 0.77,
  "models_agr": 0.5418876989290362
}