{
  "acc": 0.865,
  "agr": 0.7308025773568536,
  "models_acc": 0.89,
  "models_agr": 0.780022108330821
}