{
  "acc": 0.38557993730407525,
  "agr": -0.33347469796455476,
  "models_acc": 0.8119122257053292,
  "models_agr": 0.4729729729729729
}