{
  "acc": 0.845,
  "agr": 0.6848017205051078,
  "models_acc": 0.85,
  "models_agr": 0.6963686298443699
}