{
  "acc": 0.535,
  "agr": 0.04855963392960039,
  "models_acc": 0.75,
  "models_agr": 0.3453085932359521
}