{
  "acc": 0.5349999999999999,
  "agr": 0.019564892812105994,
  "models_acc": 0.75,
  "models_agr": 0.1750953407395126
}