{
  "acc": 0.8307210031347962,
  "agr": 0.6598833887190807,
  "models_acc": 0.9059561128526645,
  "models_agr": 0.809052757793765
}