{
  "acc": 0.8049999999999999,
  "agr": 0.6055020026283762,
  "models_acc": 0.81,
  "models_agr": 0.6188123802802702
}