{
  "acc": 0.475,
  "agr": -0.17739468592409768,
  "models_acc": 0.87,
  "models_agr": 0.16843458694953384
}