{
  "acc": 0.5971786833855799,
  "agr": 0.19221379792246424,
  "models_acc": 0.7335423197492164,
  "models_agr": 0.4662204126699331
}