{
  "acc": 0.5266457680250785,
  "agr": 0.042289944485502884,
  "models_acc": 0.6677115987460815,
  "models_agr": 0.311281109751122
}