{
  "acc": 0.46865203761755486,
  "agr": -0.33967739157372057,
  "models_acc": 0.9341692789968652,
  "models_agr": 0.3984350406979359
}