{
  "acc": 0.93,
  "agr": 0.8583053605940393,
  "models_acc": 0.94,
  "models_agr": 0.8793939393939394
}