{
  "acc": 0.92,
  "agr": 0.8375414271000887,
  "models_acc": 0.94,
  "models_agr": 0.8788555194805194
}