{
  "acc": 0.5438871473354232,
  "agr": 0.05872426418814242,
  "models_acc": 0.7147335423197492,
  "models_agr": 0.3596575531621099
}