{
  "acc": 0.66,
  "agr": 0.30058561714597626,
  "models_acc": 0.86,
  "models_agr": 0.6181469298245614
}