{
  "acc": 0.89,
  "agr": 0.7768151530689626,
  "models_acc": 0.88,
  "models_agr": 0.757711038961039
}