{
  "acc": 0.5799373040752351,
  "agr": 0.15762057586174044,
  "models_acc": 0.8620689655172413,
  "models_agr": 0.7235897435897436
}