{
  "acc": 0.48746081504702193,
  "agr": -0.3114395968873581,
  "models_acc": 0.9404388714733543,
  "models_agr": 0.31470471660721366
}