{
  "acc": 0.7413793103448276,
  "agr": 0.4812030178352752,
  "models_acc": 0.8150470219435737,
  "models_agr": 0.6301504669494278
}