{
  "acc": 0.6896551724137931,
  "agr": 0.3746815843941684,
  "models_acc": 0.8495297805642633,
  "models_agr": 0.694484412470024
}