{
  "acc": 0.445,
  "agr": -0.1281596353384712,
  "models_acc": 0.35,
  "models_agr": -0.2936293629362936
}