{
  "acc": 0.37460815047021945,
  "agr": -0.2867649710102109,
  "models_acc": 0.677115987460815,
  "models_agr": 0.2939359698681733
}