{
  "acc": 0.8,
  "agr": 0.59535104938235,
  "models_acc": 0.78,
  "models_agr": 0.5593800322061191
}