{
  "acc": 0.905,
  "agr": 0.8084464471402674,
  "models_acc": 0.89,
  "models_agr": 0.780022108330821
}