{
  "acc": 0.7163009404388715,
  "agr": 0.432538844187175,
  "models_acc": 0.8652037617554859,
  "models_agr": 0.7305653101976175
}