{
  "acc": 0.87,
  "agr": 0.7400261280273339,
  "models_acc": 0.86,
  "models_agr": 0.7212885154061625
}