{
  "acc": 0.8025078369905956,
  "agr": 0.5998062462968732,
  "models_acc": 0.8495297805642633,
  "models_agr": 0.68566493955095
}