{
  "acc": 0.815,
  "agr": 0.6146530967367796,
  "models_acc": 0.87,
  "models_agr": 0.7240533333333333
}