{
  "acc": 0.8049999999999999,
  "agr": 0.6002814062769857,
  "models_acc": 0.85,
  "models_agr": 0.6926166203274637
}