{
  "acc": 0.595,
  "agr": 0.04598738945363495,
  "models_acc": 0.23,
  "models_agr": -0.5398452416842527
}