{
  "acc": 0.855,
  "agr": 0.7030801482555182,
  "models_acc": 0.83,
  "models_agr": 0.6516321697044589
}