{
  "acc": 0.664576802507837,
  "agr": 0.32706215162392066,
  "models_acc": 0.8432601880877743,
  "models_agr": 0.6869840396257567
}