{
  "acc": 0.42476489028213166,
  "agr": -0.1546917099942382,
  "models_acc": 0.5768025078369906,
  "models_agr": 0.14522141046667658
}