{
  "acc": 0.835,
  "agr": 0.6670609548167094,
  "models_acc": 0.81,
  "models_agr": 0.6200381871168728
}