{
  "acc": 0.6833855799373041,
  "agr": 0.36681010700595285,
  "models_acc": 0.8557993730407524,
  "models_agr": 0.7115717773052996
}