{
  "acc": 0.603448275862069,
  "agr": 0.19921466600400006,
  "models_acc": 0.7335423197492164,
  "models_agr": 0.46489104116222757
}