{
  "acc": 0.87,
  "agr": 0.7310359115251979,
  "models_acc": 0.86,
  "models_agr": 0.7043718166383701
}