{
  "acc": 0.7084639498432601,
  "agr": 0.41629162199325204,
  "models_acc": 0.8307210031347962,
  "models_agr": 0.6619427627958172
}