{
  "acc": 0.4435736677115988,
  "agr": -0.1302281653381656,
  "models_acc": 0.5705329153605015,
  "models_agr": 0.09363867684478377
}