{
  "acc": 0.4467084639498433,
  "agr": -0.15961839179656478,
  "models_acc": 0.658307210031348,
  "models_agr": 0.19155847936193748
}