{
  "acc": 0.75,
  "agr": 0.49394624080020344,
  "models_acc": 0.68,
  "models_agr": 0.35676767676767673
}