{
  "acc": 0.92,
  "agr": 0.8384655247143808,
  "models_acc": 0.84,
  "models_agr": 0.679549114331723
}