{
  "acc": 0.4498432601880878,
  "agr": -0.12003237984405235,
  "models_acc": 0.6833855799373041,
  "models_agr": 0.3412481441662827
}