{
  "acc": 0.91,
  "agr": 0.81785491576457,
  "models_acc": 0.92,
  "models_agr": 0.8391919191919192
}