{
  "acc": 0.47962382445141066,
  "agr": -0.31939005805994003,
  "models_acc": 0.9310344827586207,
  "models_agr": 0.31758862485391504
}