{
  "acc": 0.775,
  "agr": 0.5478942263509005,
  "models_acc": 0.69,
  "models_agr": 0.38303830383038306
}