{
  "acc": 0.5893416927899686,
  "agr": 0.16603862559529586,
  "models_acc": 0.7053291536050157,
  "models_agr": 0.40355805243445686
}