{
  "acc": 0.43260188087774293,
  "agr": -0.3232650799071384,
  "models_acc": 0.8119122257053292,
  "models_agr": 0.1948938321536906
}