{
  "acc": 0.432601880877743,
  "agr": -0.2332420933156748,
  "models_acc": 0.3793103448275862,
  "models_agr": -0.24218011345729584
}