{
  "acc": 0.46394984326018807,
  "agr": -0.22933738894930134,
  "models_acc": 0.6363636363636364,
  "models_agr": -0.11889763779527551
}