{
  "acc": 0.8049999999999999,
  "agr": 0.5966619008714598,
  "models_acc": 0.85,
  "models_agr": 0.684827367754197
}