{
  "acc": 0.33,
  "agr": -0.3615925247557875,
  "models_acc": 0.64,
  "models_agr": 0.2833133253301321
}