{
  "acc": 0.675,
  "agr": 0.34807792108682056,
  "models_acc": 0.73,
  "models_agr": 0.43791191547232977
}