{
  "acc": 0.865,
  "agr": 0.7269808315872981,
  "models_acc": 0.89,
  "models_agr": 0.7793124306885775
}