{
  "acc": 0.445,
  "agr": -0.16395107244872031,
  "models_acc": 0.57,
  "models_agr": -0.1260692196341624
}