{
  "acc": 0.87,
  "agr": 0.7349179292929293,
  "models_acc": 0.84,
  "models_agr": 0.6752345981232151
}