{
  "acc": 0.92,
  "agr": 0.8355264530553923,
  "models_acc": 0.94,
  "models_agr": 0.875625
}