{
  "acc": 0.84,
  "agr": 0.6771622773777946,
  "models_acc": 0.86,
  "models_agr": 0.7209535256410255
}