{
  "acc": 0.7163009404388714,
  "agr": 0.43258815035016823,
  "models_acc": 0.9655172413793104,
  "models_agr": 0.931009698222813
}