{
  "acc": 0.63,
  "agr": 0.24244489281210602,
  "models_acc": 0.46,
  "models_agr": -0.07848253713368125
}