{
  "acc": 0.6003134796238245,
  "agr": 0.1956603066378711,
  "models_acc": 0.7147335423197492,
  "models_agr": 0.42301298959836764
}