{
  "acc": 0.34326018808777425,
  "agr": -0.3344204582815158,
  "models_acc": 0.6269592476489029,
  "models_agr": 0.22776866576338872
}