{
  "acc": 0.86,
  "agr": 0.7187926430453605,
  "models_acc": 0.84,
  "models_agr": 0.6810897435897436
}