{
  "acc": 0.66,
  "agr": 0.32282596153846155,
  "models_acc": 0.7,
  "models_agr": 0.3942775974025974
}