{
  "acc": 0.43,
  "agr": -0.2157642186793307,
  "models_acc": 0.56,
  "models_agr": -0.11060375443937098
}