{
  "acc": 0.705,
  "agr": 0.37821659520807066,
  "models_acc": 0.87,
  "models_agr": 0.7137957738687908
}