{
  "acc": 0.55,
  "agr": -0.006576028138528145,
  "models_acc": 0.72,
  "models_agr": -0.03645833333333326
}