{
  "acc": 0.7210031347962382,
  "agr": 0.4416239988702616,
  "models_acc": 0.8683385579937304,
  "models_agr": 0.7370872641509434
}