{
  "acc": 0.445,
  "agr": -0.1748759434767006,
  "models_acc": 0.59,
  "models_agr": -0.04723398793479672
}