{
  "acc": 0.5900000000000001,
  "agr": 0.11773573144894589,
  "models_acc": 0.4,
  "models_agr": -0.19447779111644659
}