{
  "acc": 0.5956112852664577,
  "agr": 0.19110525143709972,
  "models_acc": 0.8369905956112853,
  "models_agr": 0.6744122041361957
}