{
  "acc": 0.905,
  "agr": 0.8072442821335577,
  "models_acc": 0.89,
  "models_agr": 0.7793124306885775
}