{
  "acc": 0.8049999999999999,
  "agr": 0.6066405188378721,
  "models_acc": 0.73,
  "models_agr": 0.4600542659029244
}