{
  "acc": 0.280564263322884,
  "agr": -0.4435389431008824,
  "models_acc": 0.7836990595611285,
  "models_agr": 0.5611765058256208
}