{
  "acc": 0.44,
  "agr": -0.32666666666666666,
  "models_acc": 0.98,
  "models_agr": 0.4923469387755103
}