{
  "acc": 0.47335423197492166,
  "agr": -0.05580126939779528,
  "models_acc": 0.774294670846395,
  "models_agr": 0.5490797546012269
}