{
  "acc": 0.835,
  "agr": 0.668391327155097,
  "models_acc": 0.79,
  "models_agr": 0.5817235511960765
}