{
  "acc": 0.42476489028213166,
  "agr": -0.1586457160150474,
  "models_acc": 0.4827586206896552,
  "models_agr": -0.039768511648612614
}