{
  "acc": 0.5235109717868338,
  "agr": 0.012456269383345875,
  "models_acc": 0.6112852664576802,
  "models_agr": 0.18796776050662056
}