{
  "acc": 0.925,
  "agr": 0.8483896932840327,
  "models_acc": 0.93,
  "models_agr": 0.8595624558927311
}