{
  "acc": 0.3887147335423198,
  "agr": -0.2566472115872961,
  "models_acc": 0.5924764890282131,
  "models_agr": 0.15740740740740733
}