{
  "acc": 0.47962382445141066,
  "agr": -0.32903034898187045,
  "models_acc": 0.9373040752351097,
  "models_agr": 0.30153508771929827
}