{
  "acc": 0.48,
  "agr": -0.16301076680672277,
  "models_acc": 0.82,
  "models_agr": -0.09340659340659352
}