{
  "acc": 0.2774294670846395,
  "agr": -0.5044737648107426,
  "models_acc": 0.8401253918495298,
  "models_agr": 0.6281292567621708
}