{
  "acc": 0.635,
  "agr": 0.24684652667155316,
  "models_acc": 0.71,
  "models_agr": 0.2592735207290463
}