{
  "acc": 0.54,
  "agr": 0.05225889876548101,
  "models_acc": 0.64,
  "models_agr": 0.018092105263157965
}