{
  "acc": 0.435,
  "agr": -0.2622314832481125,
  "models_acc": 0.33,
  "models_agr": -0.33450105094585125
}