{
  "acc": 0.5282131661442007,
  "agr": 0.02606780164256528,
  "models_acc": 0.7021943573667712,
  "models_agr": 0.334597833855627
}