{
  "acc": 0.91,
  "agr": 0.8183980904964354,
  "models_acc": 0.9,
  "models_agr": 0.8002810116419109
}