{
  "acc": 0.46865203761755486,
  "agr": -0.06433101348992487,
  "models_acc": 0.7460815047021944,
  "models_agr": 0.490535857104772
}