{
  "acc": 0.4561128526645768,
  "agr": -0.21956007175364312,
  "models_acc": 0.8150470219435737,
  "models_agr": 0.3834506291320111
}