{
  "acc": 0.6724137931034482,
  "agr": 0.30984010778108234,
  "models_acc": 0.4827586206896552,
  "models_agr": -0.03546623319048314
}