{
  "acc": 0.5031347962382445,
  "agr": -0.03716914228277868,
  "models_acc": 0.5705329153605015,
  "models_agr": 0.1242009132420091
}