{
  "acc": 0.795,
  "agr": 0.5906211092123705,
  "models_acc": 0.73,
  "models_agr": 0.4600542659029244
}