{
  "acc": 0.46499999999999997,
  "agr": -0.28307079253983114,
  "models_acc": 0.15,
  "models_agr": -0.6916691669166917
}