{
  "acc": 0.49,
  "agr": -0.25841834131374153,
  "models_acc": 0.12,
  "models_agr": -0.7519007603041215
}