{
  "acc": 0.47962382445141066,
  "agr": -0.17688226586721334,
  "models_acc": 0.8056426332288401,
  "models_agr": 0.3563559322033898
}