{
  "acc": 0.3103448275862069,
  "agr": -0.4006792615252319,
  "models_acc": 0.8056426332288401,
  "models_agr": 0.5775139067180146
}