{
  "acc": 0.5893416927899686,
  "agr": 0.16464474210343694,
  "models_acc": 0.7178683385579937,
  "models_agr": 0.427158273381295
}