{
  "acc": 0.56,
  "agr": 0.06933075763807861,
  "models_acc": 0.8,
  "models_agr": 0.37812499999999993
}