{
  "acc": 0.6699999999999999,
  "agr": 0.3350061602757059,
  "models_acc": 0.68,
  "models_agr": 0.3621794871794871
}