{
  "acc": 0.7695924764890283,
  "agr": 0.5332062359128475,
  "models_acc": 0.7962382445141066,
  "models_agr": 0.5749191519942508
}