{
  "acc": 0.54,
  "agr": 0.0017088259330952926,
  "models_acc": 0.78,
  "models_agr": 0.18563988095238093
}