{
  "acc": 0.847962382445141,
  "agr": 0.6951137263225257,
  "models_acc": 0.9843260188087775,
  "models_agr": 0.9683830171635049
}