{
  "acc": 0.4122257053291536,
  "agr": -0.30837296868806974,
  "models_acc": 0.7836990595611285,
  "models_agr": 0.3145730994152047
}