{
  "acc": 0.2931034482758621,
  "agr": -0.4200311158122495,
  "models_acc": 0.664576802507837,
  "models_agr": 0.33020508839339235
}