{
  "acc": 0.49686520376175547,
  "agr": -0.024381923019770213,
  "models_acc": 0.6959247648902821,
  "models_agr": 0.3689655524576938
}