{
  "acc": 0.645,
  "agr": 0.2815208763538611,
  "models_acc": 0.51,
  "models_agr": 0.024802480248024783
}