{
  "acc": 0.3996865203761756,
  "agr": -0.28961620788564957,
  "models_acc": 0.445141065830721,
  "models_agr": -0.108370607028754
}