{
  "acc": 0.84,
  "agr": 0.6782485831398875,
  "models_acc": 0.8,
  "models_agr": 0.6013621794871795
}