{
  "acc": 0.6599999999999999,
  "agr": 0.30136251581369194,
  "models_acc": 0.6,
  "models_agr": 0.12527472527472527
}