{
  "acc": 0.485,
  "agr": -0.14691541688113752,
  "models_acc": 0.95,
  "models_agr": 0.7106717068915382
}