{
  "acc": 0.65,
  "agr": 0.2759599335229587,
  "models_acc": 0.66,
  "models_agr": 0.31351461038961037
}