{
  "acc": 0.6144200626959248,
  "agr": 0.22687720649763,
  "models_acc": 0.8244514106583072,
  "models_agr": 0.6472868217054264
}