{
  "acc": 0.6599999999999999,
  "agr": 0.2923836529766706,
  "models_acc": 0.76,
  "models_agr": 0.4877734877734877
}