{
  "acc": 0.45,
  "agr": -0.15028027532527238,
  "models_acc": 0.52,
  "models_agr": -0.21156773211567725
}