{
  "acc": 0.72,
  "agr": 0.4376767018705581,
  "models_acc": 0.68,
  "models_agr": 0.3629451780712285
}