{
  "acc": 0.57,
  "agr": 0.05672526815823009,
  "models_acc": 0.64,
  "models_agr": -0.07956600361663657
}