{
  "acc": 0.3244514106583072,
  "agr": -0.37568069744431454,
  "models_acc": 0.5454545454545454,
  "models_agr": 0.0917627855295633
}