{
  "acc": 0.30877742946708464,
  "agr": -0.3825143711787711,
  "models_acc": 0.7210031347962382,
  "models_agr": 0.4385553145765868
}