{
  "acc": 0.3495297805642633,
  "agr": -0.34075245869738324,
  "models_acc": 0.6081504702194357,
  "models_agr": 0.20626613634777757
}