{
  "acc": 0.40909090909090906,
  "agr": -0.23893711529641348,
  "models_acc": 0.7335423197492164,
  "models_agr": 0.3619566113998186
}