{
  "acc": 0.5235109717868338,
  "agr": 0.02383999292227945,
  "models_acc": 0.6112852664576802,
  "models_agr": 0.215392561983471
}