{
  "acc": 0.42006269592476486,
  "agr": -0.3248592821526297,
  "models_acc": 0.8620689655172413,
  "models_agr": 0.4873426982733392
}