{
  "acc": 0.67,
  "agr": 0.34165032421240316,
  "models_acc": 0.68,
  "models_agr": 0.3590982286634461
}