{
  "acc": 0.7335423197492164,
  "agr": 0.466548833929421,
  "models_acc": 0.8620689655172413,
  "models_agr": 0.7237858719646799
}