{
  "acc": 0.5094043887147336,
  "agr": -0.011229941408316235,
  "models_acc": 0.7523510971786834,
  "models_agr": 0.4515861858523774
}