{
  "acc": 0.725,
  "agr": 0.4420982367133473,
  "models_acc": 0.75,
  "models_agr": 0.4984373424740397
}