{
  "acc": 0.3275862068965517,
  "agr": -0.37870255822183896,
  "models_acc": 0.6144200626959248,
  "models_agr": 0.22407082801033906
}