{
  "acc": 0.3620689655172414,
  "agr": -0.28467855966300093,
  "models_acc": 0.7398119122257053,
  "models_agr": 0.4779564955518034
}