{
  "acc": 0.91,
  "agr": 0.8191531279872688,
  "models_acc": 0.94,
  "models_agr": 0.8804086538461539
}