{
  "acc": 0.45141065830721006,
  "agr": -0.11768979275375746,
  "models_acc": 0.6238244514106583,
  "models_agr": 0.24793388429752072
}