{
  "acc": 0.5971786833855799,
  "agr": 0.19395151270519395,
  "models_acc": 0.8463949843260188,
  "models_agr": 0.6915254237288135
}