{
  "acc": 0.4231974921630094,
  "agr": -0.30381627691887825,
  "models_acc": 0.8119122257053292,
  "models_agr": 0.3512357414448669
}