{
  "acc": 0.46865203761755486,
  "agr": -0.2500240051421512,
  "models_acc": 0.890282131661442,
  "models_agr": 0.5058403705920163
}