{
  "acc": 0.49,
  "agr": -0.08884581771128086,
  "models_acc": 0.8,
  "models_agr": 0.25967261904761907
}