{
  "acc": 0.44200626959247646,
  "agr": -0.13243955595033308,
  "models_acc": 0.7115987460815048,
  "models_agr": 0.4124087591240876
}