{
  "acc": 0.658307210031348,
  "agr": 0.31615010229204055,
  "models_acc": 0.8557993730407524,
  "models_agr": 0.7107974733517568
}