{
  "acc": 0.3683385579937304,
  "agr": -0.30900409469300616,
  "models_acc": 0.6269592476489029,
  "models_agr": 0.21740432165680712
}