{
  "acc": 0.3605015673981191,
  "agr": -0.3533727978901119,
  "models_acc": 0.6802507836990596,
  "models_agr": 0.25828767123287677
}