{
  "acc": 0.77,
  "agr": 0.5232263410341575,
  "models_acc": 0.8,
  "models_agr": 0.5776740237691002
}