{
  "acc": 0.49373040752351094,
  "agr": -0.2956771199263364,
  "models_acc": 0.9529780564263323,
  "models_agr": 0.4589774078478003
}