{
  "acc": 0.95,
  "agr": 0.8982608385438335,
  "models_acc": 0.94,
  "models_agr": 0.8782129742962056
}