{
  "acc": 0.8300000000000001,
  "agr": 0.652811986863711,
  "models_acc": 0.84,
  "models_agr": 0.6732348111658456
}