{
  "acc": 0.49843260188087773,
  "agr": -0.030883651795169886,
  "models_acc": 0.7554858934169278,
  "models_agr": 0.46422101449275355
}