{
  "acc": 0.6799999999999999,
  "agr": 0.3605425685928403,
  "models_acc": 0.74,
  "models_agr": 0.4750405844155844
}