{
  "acc": 0.4169278996865204,
  "agr": -0.26500891513009683,
  "models_acc": 0.987460815047022,
  "models_agr": 0.9648648648648649
}