{
  "acc": 0.5,
  "agr": -0.052889443636221056,
  "models_acc": 0.47648902821316613,
  "models_agr": -0.04542193657438798
}