{
  "acc": 0.83,
  "agr": 0.6539368670272312,
  "models_acc": 0.86,
  "models_agr": 0.7158302733578131
}