{
  "acc": 0.44200626959247646,
  "agr": -0.11811289204596598,
  "models_acc": 0.8557993730407524,
  "models_agr": 0.7076815642458101
}