{
  "acc": 0.36363636363636365,
  "agr": -0.32893694056895373,
  "models_acc": 0.6865203761755486,
  "models_agr": 0.3011672810251008
}