{
  "acc": 0.5736677115987461,
  "agr": 0.12711868887126615,
  "models_acc": 0.6551724137931034,
  "models_agr": 0.29986011191047157
}