{
  "acc": 0.47492163009404387,
  "agr": -0.04870517863242707,
  "models_acc": 0.7648902821316614,
  "models_agr": 0.5304991302809634
}