{
  "acc": 0.5297805642633229,
  "agr": 0.03223353416534813,
  "models_acc": 0.6426332288401254,
  "models_agr": 0.2863236103467254
}