{
  "acc": 0.705,
  "agr": 0.40749307563547915,
  "models_acc": 0.79,
  "models_agr": 0.5749160817821177
}