{
  "acc": 0.7949999999999999,
  "agr": 0.5868520137553186,
  "models_acc": 0.73,
  "models_agr": 0.4622159943949554
}