{
  "acc": 0.6065830721003135,
  "agr": 0.19996733215117235,
  "models_acc": 0.6394984326018809,
  "models_agr": 0.25551592020081915
}