{
  "acc": 0.825,
  "agr": 0.6460806544840159,
  "models_acc": 0.79,
  "models_agr": 0.5810526315789474
}