{
  "acc": 0.815,
  "agr": 0.6214865497519992,
  "models_acc": 0.77,
  "models_agr": 0.5317647058823529
}