{
  "acc": 0.605,
  "agr": 0.21187992833551877,
  "models_acc": 0.69,
  "models_agr": 0.3800623052959502
}