{
  "acc": 0.7949999999999999,
  "agr": 0.5882794375487693,
  "models_acc": 0.79,
  "models_agr": 0.5786873676781934
}