{
  "acc": 0.561128526645768,
  "agr": 0.10419669357892286,
  "models_acc": 0.54858934169279,
  "models_agr": 0.02970297029702962
}