{
  "acc": 0.585,
  "agr": 0.13845932895930935,
  "models_acc": 0.81,
  "models_agr": 0.457921146953405
}