{
  "acc": 0.4216300940438872,
  "agr": -0.2998633326063531,
  "models_acc": 0.8463949843260188,
  "models_agr": 0.48103749272591234
}