{
  "acc": 0.745,
  "agr": 0.491493999421631,
  "models_acc": 0.73,
  "models_agr": 0.4467099165894346
}