{
  "acc": 0.45297805642633227,
  "agr": -0.09298321481977223,
  "models_acc": 0.7711598746081505,
  "models_agr": 0.5429652562779497
}