{
  "acc": 0.7050000000000001,
  "agr": 0.39840105157505273,
  "models_acc": 0.81,
  "models_agr": 0.6131969309462915
}