{
  "acc": 0.6799999999999999,
  "agr": 0.3566594547936678,
  "models_acc": 0.9,
  "models_agr": 0.8006810897435898
}