{
  "acc": 0.58,
  "agr": 0.06530872528650322,
  "models_acc": 0.62,
  "models_agr": -0.18156250000000007
}