{
  "acc": 0.4670846394984326,
  "agr": -0.06878987012674576,
  "models_acc": 0.7429467084639498,
  "models_agr": 0.4848717948717949
}