{
  "acc": 0.635,
  "agr": 0.2710111201530653,
  "models_acc": 0.67,
  "models_agr": 0.2916621723654407
}