{
  "acc": 0.8049999999999999,
  "agr": 0.6007573830853326,
  "models_acc": 0.83,
  "models_agr": 0.6539130434782608
}