{
  "acc": 0.35893416927899685,
  "agr": -0.29814541746291434,
  "models_acc": 0.7210031347962382,
  "models_agr": 0.4276729559748428
}