{
  "acc": 0.609717868338558,
  "agr": 0.21981231822079883,
  "models_acc": 0.8275862068965517,
  "models_agr": 0.6552250115630258
}