{
  "acc": 0.5015673981191222,
  "agr": -0.113178108221343,
  "models_acc": 0.799373040752351,
  "models_agr": 0.37549019607843137
}