{
  "acc": 0.435,
  "agr": -0.34612231710821606,
  "models_acc": 0.97,
  "models_agr": -0.010152284263959421
}