{
  "acc": 0.47178683385579934,
  "agr": -0.21711976585345272,
  "models_acc": 0.7774294670846394,
  "models_agr": 0.12325288359019093
}