{
  "acc": 0.945,
  "agr": 0.8885012587888311,
  "models_acc": 0.93,
  "models_agr": 0.8589938252859601
}