{
  "acc": 0.7084639498432601,
  "agr": 0.40780394524959745,
  "models_acc": 0.8934169278996865,
  "models_agr": 0.7760752688172043
}