{
  "acc": 0.91,
  "agr": 0.8148622200681915,
  "models_acc": 0.92,
  "models_agr": 0.8341666666666667
}