{
  "acc": 0.655,
  "agr": 0.24625926599113335,
  "models_acc": 0.49,
  "models_agr": -0.045103490886623465
}