{
  "acc": 0.2962382445141066,
  "agr": -0.40747387472733465,
  "models_acc": 0.7021943573667712,
  "models_agr": 0.40382247179941877
}