{
  "acc": 0.5094043887147335,
  "agr": -0.09379850624096231,
  "models_acc": 0.7586206896551724,
  "models_agr": 0.225684742284316
}