{
  "acc": 0.875,
  "agr": 0.7463608442388814,
  "models_acc": 0.89,
  "models_agr": 0.7784188683065087
}