{
  "acc": 0.66,
  "agr": 0.3113623178050317,
  "models_acc": 0.9,
  "models_agr": 0.7583778533268577
}