{
  "acc": 0.5297805642633229,
  "agr": 0.03116707539457958,
  "models_acc": 0.6175548589341693,
  "models_agr": 0.23624105668684647
}