{
  "acc": 0.46,
  "agr": -0.10048731992797116,
  "models_acc": 0.56,
  "models_agr": 0.00995024875621886
}