{
  "acc": 0.609717868338558,
  "agr": 0.21392653486536806,
  "models_acc": 0.7899686520376176,
  "models_agr": 0.5801831577497762
}