{
  "acc": 0.45768025078369906,
  "agr": -0.19796923413576117,
  "models_acc": 0.6990595611285266,
  "models_agr": 0.1317582916855975
}