{
  "acc": 0.785,
  "agr": 0.5612281938468258,
  "models_acc": 0.81,
  "models_agr": 0.6131969309462915
}