{
  "acc": 0.77,
  "agr": 0.5407618357487923,
  "models_acc": 0.8,
  "models_agr": 0.5994363929146538
}