{
  "acc": 0.6,
  "agr": 0.2035937053819485,
  "models_acc": 0.66,
  "models_agr": 0.30987352101183185
}