{
  "acc": 0.46394984326018807,
  "agr": -0.1706904457645041,
  "models_acc": 0.9184952978056427,
  "models_agr": 0.7648512039981826
}