{
  "acc": 0.315,
  "agr": -0.3914103285328532,
  "models_acc": 0.61,
  "models_agr": 0.22320088079271339
}