{
  "acc": 0.8200000000000001,
  "agr": 0.6367961809928708,
  "models_acc": 0.82,
  "models_agr": 0.6405058209554395
}