{
  "acc": 0.847962382445141,
  "agr": 0.6954732241306795,
  "models_acc": 0.9341692789968652,
  "models_agr": 0.8676658257901766
}