{
  "acc": 0.6645768025078369,
  "agr": 0.31748645571523704,
  "models_acc": 0.6865203761755486,
  "models_agr": 0.3413978494623656
}