{
  "acc": 0.655,
  "agr": 0.30252070667990333,
  "models_acc": 0.75,
  "models_agr": 0.4019713907921625
}