{
  "acc": 0.4043887147335423,
  "agr": -0.3151020425172525,
  "models_acc": 0.8056426332288401,
  "models_agr": 0.40870164091507966
}