{
  "acc": 0.815,
  "agr": 0.6270732038110738,
  "models_acc": 0.79,
  "models_agr": 0.5800422068133857
}