{
  "acc": 0.885,
  "agr": 0.7575686953942401,
  "models_acc": 0.91,
  "models_agr": 0.8018586126783936
}