{
  "acc": 0.5188087774294671,
  "agr": -0.035308024628363466,
  "models_acc": 0.670846394984326,
  "models_agr": 0.11430538819073854
}