{
  "acc": 0.4169278996865204,
  "agr": -0.18365369380241503,
  "models_acc": 0.49843260188087773,
  "models_agr": -0.0032286006772186404
}