{
  "acc": 0.48119122257053293,
  "agr": -0.28197053924967064,
  "models_acc": 0.08150470219435736,
  "models_agr": -0.8347603833865813
}