{
  "acc": 0.92,
  "agr": 0.8366174055829227,
  "models_acc": 0.98,
  "models_agr": 0.9591543513957307
}