{
  "acc": 0.5517241379310345,
  "agr": 0.08741949687350825,
  "models_acc": 0.5987460815047022,
  "models_agr": 0.151868186735458
}