{
  "acc": 0.685,
  "agr": 0.3631956361205675,
  "models_acc": 0.83,
  "models_agr": 0.5933405457386705
}