{
  "acc": 0.493730407523511,
  "agr": -0.1175706116396571,
  "models_acc": 0.7523510971786834,
  "models_agr": 0.250755601875977
}