{
  "acc": 0.8,
  "agr": 0.5889710528542496,
  "models_acc": 0.78,
  "models_agr": 0.5475403059115338
}