{
  "acc": 0.74,
  "agr": 0.4819018142415745,
  "models_acc": 0.96,
  "models_agr": 0.9163514081546869
}