{
  "acc": 0.877742946708464,
  "agr": 0.7552534357913403,
  "models_acc": 0.9310344827586207,
  "models_agr": 0.8615655128813023
}