{
  "acc": 0.5658307210031348,
  "agr": 0.11489247098976207,
  "models_acc": 0.6896551724137931,
  "models_agr": 0.37908728400531677
}