{
  "acc": 0.795,
  "agr": 0.5805769118942219,
  "models_acc": 0.91,
  "models_agr": 0.8155699721964782
}