{
  "acc": 0.765,
  "agr": 0.5196351820728291,
  "models_acc": 0.69,
  "models_agr": 0.37554408340925194
}