{
  "acc": 0.44499999999999995,
  "agr": -0.2472696442504203,
  "models_acc": 0.85,
  "models_agr": 0.13201512067461463
}