{
  "acc": 0.815,
  "agr": 0.6107891666666667,
  "models_acc": 0.81,
  "models_agr": 0.587182006769298
}