{
  "acc": 0.875,
  "agr": 0.7501329781648015,
  "models_acc": 0.89,
  "models_agr": 0.7809028125312781
}