{
  "acc": 0.91,
  "agr": 0.815594145246838,
  "models_acc": 0.92,
  "models_agr": 0.8354692021496486
}