{
  "acc": 0.5031347962382445,
  "agr": 0.0070994711080012984,
  "models_acc": 0.8087774294670846,
  "models_agr": 0.618139292628517
}