{
  "acc": 0.7053291536050157,
  "agr": 0.4109849599892174,
  "models_acc": 0.8683385579937304,
  "models_agr": 0.7370665932856357
}