{
  "acc": 0.3463949843260188,
  "agr": -0.31124659127337473,
  "models_acc": 0.7398119122257053,
  "models_agr": 0.47515808491418243
}