{
  "acc": 0.64576802507837,
  "agr": 0.28095706852100016,
  "models_acc": 0.7115987460815048,
  "models_agr": 0.4134438305709024
}