{
  "acc": 0.6473354231974922,
  "agr": 0.2847023222544839,
  "models_acc": 0.664576802507837,
  "models_agr": 0.3002515271289975
}