{
  "acc": 0.6499999999999999,
  "agr": 0.2678375272836816,
  "models_acc": 0.56,
  "models_agr": 0.10689514483884122
}