{
  "acc": 0.77,
  "agr": 0.525206311907242,
  "models_acc": 0.76,
  "models_agr": 0.5098522167487685
}