{
  "acc": 0.635,
  "agr": 0.2691091364775575,
  "models_acc": 0.53,
  "models_agr": 0.06460646064606457
}