{
  "acc": 0.6379310344827587,
  "agr": 0.2765860194106425,
  "models_acc": 0.8589341692789969,
  "models_agr": 0.7182108626198083
}