{
  "acc": 0.905,
  "agr": 0.8074350130368353,
  "models_acc": 0.93,
  "models_agr": 0.8589938252859601
}