{
  "acc": 0.865,
  "agr": 0.724981573304744,
  "models_acc": 0.77,
  "models_agr": 0.5366939973681547
}