{
  "acc": 0.895,
  "agr": 0.7836469274534034,
  "models_acc": 0.89,
  "models_agr": 0.7710011507479861
}