{
  "acc": 0.5736677115987461,
  "agr": 0.13712553776369146,
  "models_acc": 0.6865203761755486,
  "models_agr": 0.3701550387596899
}