{
  "acc": 0.7225705329153606,
  "agr": 0.44497514818485356,
  "models_acc": 0.8589341692789969,
  "models_agr": 0.7179113730970212
}