{
  "acc": 0.895,
  "agr": 0.7863736431405031,
  "models_acc": 0.89,
  "models_agr": 0.7773369952192045
}