{
  "acc": 0.4482758620689655,
  "agr": -0.10512834576568664,
  "models_acc": 0.7304075235109718,
  "models_agr": 0.4558367768595041
}