{
  "acc": 0.61,
  "agr": 0.16342217720057467,
  "models_acc": 0.46,
  "models_agr": -0.08545454545454545
}