{
  "acc": 0.61,
  "agr": 0.2179337644148569,
  "models_acc": 0.56,
  "models_agr": 0.12123645122440785
}