{
  "acc": 0.745,
  "agr": 0.4741085251017095,
  "models_acc": 0.65,
  "models_agr": 0.300070344688976
}