{
  "acc": 0.5297805642633229,
  "agr": 0.02582018023562882,
  "models_acc": 0.554858934169279,
  "models_agr": -0.011337209302325624
}