{
  "acc": 0.5047021943573667,
  "agr": -0.008606010599929492,
  "models_acc": 0.6990595611285266,
  "models_agr": 0.39877300613496924
}