{
  "acc": 0.705,
  "agr": 0.37896950381654826,
  "models_acc": 0.83,
  "models_agr": 0.6306365323725298
}