{
  "acc": 0.91,
  "agr": 0.8177419202011862,
  "models_acc": 0.88,
  "models_agr": 0.7587878787878788
}