{
  "acc": 0.895,
  "agr": 0.7797370199330984,
  "models_acc": 0.91,
  "models_agr": 0.804454634785457
}