{
  "acc": 0.655,
  "agr": 0.3036075689214831,
  "models_acc": 0.73,
  "models_agr": 0.4600542659029244
}