{
  "acc": 0.7351097178683386,
  "agr": 0.46953400668589607,
  "models_acc": 0.8526645768025078,
  "models_agr": 0.7057794549760704
}