{
  "acc": 0.47335423197492166,
  "agr": -0.07636502951609025,
  "models_acc": 0.7241379310344828,
  "models_agr": 0.40487514863258023
}