{
  "acc": 0.5203761755485894,
  "agr": 0.03796238364291632,
  "models_acc": 0.7617554858934169,
  "models_agr": 0.5229028697571745
}