{
  "acc": 0.7695924764890282,
  "agr": 0.539295991861901,
  "models_acc": 0.8652037617554859,
  "models_agr": 0.7303106385073599
}