{
  "acc": 0.43887147335423193,
  "agr": -0.2429162135335009,
  "models_acc": 0.7554858934169278,
  "models_agr": 0.2561085159899389
}