{
  "acc": 0.4670846394984326,
  "agr": -0.06789260632186522,
  "models_acc": 0.6426332288401254,
  "models_agr": 0.28637971698113207
}