{
  "acc": 0.4153605015673981,
  "agr": -0.3380130502951403,
  "models_acc": 0.8338557993730408,
  "models_agr": 0.37752825561885794
}