{
  "acc": 0.6630094043887147,
  "agr": 0.32695551896839276,
  "models_acc": 0.8526645768025078,
  "models_agr": 0.7057794549760704
}