{
  "acc": 0.738244514106583,
  "agr": 0.4699562964786875,
  "models_acc": 0.9592476489028213,
  "models_agr": 0.9149838303988501
}