{
  "acc": 0.3934169278996865,
  "agr": -0.3594976504428796,
  "models_acc": 0.8087774294670846,
  "models_agr": 0.3708489176017228
}