{
  "acc": 0.7,
  "agr": 0.3991682449494949,
  "models_acc": 0.68,
  "models_agr": 0.3629451780712285
}