{
  "acc": 0.95,
  "agr": 0.8977401270107646,
  "models_acc": 0.96,
  "models_agr": 0.9183087027914614
}