{
  "acc": 0.2993730407523511,
  "agr": -0.400021393217284,
  "models_acc": 0.6896551724137931,
  "models_agr": 0.37872026008571
}