{
  "acc": 0.3040752351097179,
  "agr": -0.3946222714187355,
  "models_acc": 0.774294670846395,
  "models_agr": 0.5490797546012269
}