{
  "acc": 0.48119122257053293,
  "agr": -0.0568342400351739,
  "models_acc": 0.6833855799373041,
  "models_agr": 0.33766741818256685
}