{
  "acc": 0.6253918495297806,
  "agr": 0.2514793808874648,
  "models_acc": 0.677115987460815,
  "models_agr": 0.3551427588579291
}