{
  "acc": 0.44357366771159873,
  "agr": -0.11135371298052998,
  "models_acc": 0.670846394984326,
  "models_agr": 0.34249201277955277
}