{
  "acc": 0.4028213166144201,
  "agr": -0.2894996144915073,
  "models_acc": 0.9655172413793104,
  "models_agr": 0.9055724007816185
}