{
  "acc": 0.39811912225705326,
  "agr": -0.2019350244718816,
  "models_acc": 0.6927899686520376,
  "models_agr": 0.38552248208520357
}