{
  "acc": 0.6499999999999999,
  "agr": 0.29334549032510904,
  "models_acc": 0.66,
  "models_agr": 0.3234
}