{
  "acc": 0.7037617554858935,
  "agr": 0.4036527065535986,
  "models_acc": 0.8589341692789969,
  "models_agr": 0.712847483095417
}