{
  "acc": 0.46865203761755486,
  "agr": -0.11789352248060692,
  "models_acc": 0.670846394984326,
  "models_agr": 0.21182875525859945
}