{
  "acc": 0.55,
  "agr": 0.0968110885763564,
  "models_acc": 0.68,
  "models_agr": 0.27996381727725006
}