{
  "acc": 0.4796238244514106,
  "agr": -0.06546847209761597,
  "models_acc": 0.4670846394984326,
  "models_agr": -0.06500786782061363
}