{
  "acc": 0.85,
  "agr": 0.6915132389162562,
  "models_acc": 0.96,
  "models_agr": 0.9170833333333334
}