{
  "acc": 0.935,
  "agr": 0.8683149137187128,
  "models_acc": 0.93,
  "models_agr": 0.8589938252859601
}