{
  "acc": 0.8134796238244514,
  "agr": 0.625601302787829,
  "models_acc": 0.9278996865203761,
  "models_agr": 0.8541681182501368
}