{
  "acc": 0.5156739811912225,
  "agr": -0.013913075686810217,
  "models_acc": 0.6332288401253918,
  "models_agr": 0.12705998102533478
}