{
  "acc": 0.5078369905956113,
  "agr": -0.011980696049263162,
  "models_acc": 0.6927899686520376,
  "models_agr": 0.34426470588235303
}