{
  "acc": 0.835,
  "agr": 0.662425723888779,
  "models_acc": 0.87,
  "models_agr": 0.7336010709504686
}