{
  "acc": 0.48746081504702193,
  "agr": -0.2613057563844082,
  "models_acc": 0.8714733542319749,
  "models_agr": 0.12760129605504889
}