{
  "acc": 0.43,
  "agr": -0.36403755868544607,
  "models_acc": 0.98,
  "models_agr": -0.005050505050504972
}