{
  "acc": 0.43887147335423193,
  "agr": -0.13164643988298796,
  "models_acc": 0.7053291536050157,
  "models_agr": 0.4079457364341086
}