{
  "acc": 0.61,
  "agr": 0.216555493983849,
  "models_acc": 0.66,
  "models_agr": 0.27434577434577434
}