{
  "acc": 0.5470219435736677,
  "agr": 0.06892687314201895,
  "models_acc": 0.7711598746081505,
  "models_agr": 0.49753093089848177
}