{
  "acc": 0.4278996865203762,
  "agr": -0.2605634536562148,
  "models_acc": 0.8025078369905956,
  "models_agr": 0.4153153546920757
}