{
  "acc": 0.7115987460815048,
  "agr": 0.4097229163997813,
  "models_acc": 0.8996865203761756,
  "models_agr": 0.7827791986359761
}