{
  "acc": 0.634796238244514,
  "agr": 0.2587260959356943,
  "models_acc": 0.7272727272727273,
  "models_agr": 0.4367816091954023
}