{
  "acc": 0.71,
  "agr": 0.4194383741258741,
  "models_acc": 0.8,
  "models_agr": 0.6018407362945178
}