{
  "acc": 0.5971786833855799,
  "agr": 0.18820554883563628,
  "models_acc": 0.7836990595611285,
  "models_agr": 0.5678043600106197
}