{
  "acc": 0.4059561128526646,
  "agr": -0.19657876790507856,
  "models_acc": 0.7460815047021944,
  "models_agr": 0.48843457828100056
}