{
  "acc": 0.495,
  "agr": -0.01842790567783148,
  "models_acc": 0.61,
  "models_agr": 0.10079944386513728
}