{
  "acc": 0.40752351097178685,
  "agr": -0.28082218042086626,
  "models_acc": 0.7492163009404389,
  "models_agr": 0.310158111327702
}