{
  "acc": 0.5501567398119123,
  "agr": 0.08865864837182441,
  "models_acc": 0.6959247648902821,
  "models_agr": 0.39163097523753254
}