{
  "acc": 0.71,
  "agr": 0.4213750431038919,
  "models_acc": 0.78,
  "models_agr": 0.5534475724194206
}