{
  "acc": 0.79,
  "agr": 0.5769812971931008,
  "models_acc": 0.74,
  "models_agr": 0.48073063026896823
}