{
  "acc": 0.42476489028213166,
  "agr": -0.22712203463357805,
  "models_acc": 0.6896551724137931,
  "models_agr": 0.21030091288177621
}