{
  "acc": 0.855,
  "agr": 0.7033705106621773,
  "models_acc": 0.83,
  "models_agr": 0.6539130434782608
}