{
  "acc": 0.47492163009404387,
  "agr": -0.15951259315520472,
  "models_acc": 0.7899686520376176,
  "models_agr": 0.37819252006935034
}