{
  "acc": 0.5470219435736676,
  "agr": 0.08867304020109518,
  "models_acc": 0.896551724137931,
  "models_agr": 0.7890410958904109
}