{
  "acc": 0.6833855799373041,
  "agr": 0.3657480664657698,
  "models_acc": 0.8432601880877743,
  "models_agr": 0.6856494275562575
}