{
  "acc": 0.47335423197492166,
  "agr": -0.09384258707622228,
  "models_acc": 0.5924764890282131,
  "models_agr": 0.08735231881502381
}