{
  "acc": 0.7915360501567398,
  "agr": 0.5833703321761443,
  "models_acc": 0.896551724137931,
  "models_agr": 0.7932977373963834
}