{
  "acc": 0.635,
  "agr": 0.25693767845302373,
  "models_acc": 0.71,
  "models_agr": 0.29198871304134466
}