{
  "acc": 0.8400000000000001,
  "agr": 0.677744065829103,
  "models_acc": 0.82,
  "models_agr": 0.6405058209554395
}