{
  "acc": 0.6442006269592476,
  "agr": 0.28737288677161726,
  "models_acc": 0.8401253918495298,
  "models_agr": 0.6786170054904288
}