{
  "acc": 0.5799373040752351,
  "agr": 0.16099411100821853,
  "models_acc": 0.780564263322884,
  "models_agr": 0.561812106918239
}