{
  "acc": 0.335423197492163,
  "agr": -0.33545506685963933,
  "models_acc": 0.7366771159874608,
  "models_agr": 0.4714319582740635
}