{
  "acc": 0.755,
  "agr": 0.5105775048590431,
  "models_acc": 0.69,
  "models_agr": 0.3815538847117794
}