{
  "acc": 0.6269592476489028,
  "agr": 0.2541688970906536,
  "models_acc": 0.8369905956112853,
  "models_agr": 0.6739507047799039
}