{
  "acc": 0.8,
  "agr": 0.5931275161030596,
  "models_acc": 0.82,
  "models_agr": 0.6365665584415585
}