{
  "acc": 0.825,
  "agr": 0.6440993640730087,
  "models_acc": 0.83,
  "models_agr": 0.6558844471569525
}