{
  "acc": 0.6473354231974922,
  "agr": 0.28959336013141707,
  "models_acc": 0.7335423197492164,
  "models_agr": 0.4665780010836905
}