{
  "acc": 0.555,
  "agr": 0.028803204856395537,
  "models_acc": 0.69,
  "models_agr": 0.017518713170887157
}