{
  "acc": 0.8150470219435737,
  "agr": 0.6282039867438295,
  "models_acc": 0.8746081504702194,
  "models_agr": 0.7449755785090879
}