{
  "acc": 0.515,
  "agr": 0.018546332894158968,
  "models_acc": 0.71,
  "models_agr": 0.3062868133189085
}