{
  "acc": 0.5971786833855799,
  "agr": 0.1894511047339827,
  "models_acc": 0.7398119122257053,
  "models_agr": 0.4794368138630434
}