{
  "acc": 0.86,
  "agr": 0.7149553665639641,
  "models_acc": 0.88,
  "models_agr": 0.7564259485924112
}