{
  "acc": 0.47335423197492166,
  "agr": -0.20023653162386468,
  "models_acc": 0.19122257053291536,
  "models_agr": -0.6163060582218725
}