{
  "acc": 0.44499999999999995,
  "agr": -0.3116994750334938,
  "models_acc": 0.95,
  "models_agr": -0.02051282051282044
}