{
  "acc": 0.55,
  "agr": 0.04885095676301049,
  "models_acc": 0.76,
  "models_agr": 0.2241715399610137
}