{
  "acc": 0.62,
  "agr": 0.2419080082527869,
  "models_acc": 0.56,
  "models_agr": 0.12123645122440785
}