{
  "acc": 0.4890282131661442,
  "agr": -0.09518037373160915,
  "models_acc": 0.29780564263322884,
  "models_agr": -0.40231150247660974
}