{
  "acc": 0.755,
  "agr": 0.5074004779390335,
  "models_acc": 0.71,
  "models_agr": 0.42005828559943725
}