{
  "acc": 0.49216300940438873,
  "agr": -0.014341805776735939,
  "models_acc": 0.9498432601880877,
  "models_agr": 0.8997955010224948
}