{
  "acc": 0.665,
  "agr": 0.32576222738552923,
  "models_acc": 0.71,
  "models_agr": 0.36154441863037945
}