{
  "acc": 0.6379310344827587,
  "agr": 0.273045347780004,
  "models_acc": 0.8025078369905956,
  "models_agr": 0.6040784917275875
}