{
  "acc": 0.445,
  "agr": -0.30875142508943665,
  "models_acc": 0.99,
  "models_agr": 0.7958974358974359
}