{
  "acc": 0.4482758620689655,
  "agr": -0.2573998758947238,
  "models_acc": 0.8244514106583072,
  "models_agr": 0.3767994409503843
}