{
  "acc": 0.615,
  "agr": 0.2259415256676745,
  "models_acc": 0.53,
  "models_agr": 0.06235588972431083
}