{
  "acc": 0.86,
  "agr": 0.7136044538327933,
  "models_acc": 0.84,
  "models_agr": 0.6732348111658456
}