{
  "acc": 0.4278996865203762,
  "agr": -0.30234936910287447,
  "models_acc": 0.8338557993730408,
  "models_agr": 0.3967479674796748
}