{
  "acc": 0.5579937304075235,
  "agr": 0.09082108165242869,
  "models_acc": 0.6614420062695925,
  "models_agr": 0.30760869565217397
}