{
  "acc": 0.45499999999999996,
  "agr": -0.2743285830147144,
  "models_acc": 0.95,
  "models_agr": 0.2635085122131754
}