{
  "acc": 0.805,
  "agr": 0.609124386597462,
  "models_acc": 0.99,
  "models_agr": 0.98009800980098
}