{
  "acc": 0.3996865203761756,
  "agr": -0.218362789012162,
  "models_acc": 0.5391849529780565,
  "models_agr": 0.07948881789137385
}