{
  "acc": 0.4153605015673981,
  "agr": -0.17276237382417048,
  "models_acc": 0.7523510971786834,
  "models_agr": 0.5010658232617167
}