{
  "acc": 0.8260188087774295,
  "agr": 0.6503881489221821,
  "models_acc": 0.8714733542319749,
  "models_agr": 0.7392498078094268
}