{
  "acc": 0.542319749216301,
  "agr": 0.07493833054826132,
  "models_acc": 0.6802507836990596,
  "models_agr": 0.3372705018359853
}