{
  "acc": 0.3887147335423198,
  "agr": -0.2804833037257538,
  "models_acc": 0.5172413793103449,
  "models_agr": 0.035986635220125796
}