{
  "acc": 0.805,
  "agr": 0.6107001833020261,
  "models_acc": 0.81,
  "models_agr": 0.6209523809523809
}