{
  "acc": 0.542319749216301,
  "agr": 0.06317790812657864,
  "models_acc": 0.6175548589341693,
  "models_agr": 0.22902777777777783
}