{
  "acc": 0.845,
  "agr": 0.6856212944664031,
  "models_acc": 0.81,
  "models_agr": 0.617268954347606
}