{
  "acc": 0.5454545454545454,
  "agr": 0.08654221093120446,
  "models_acc": 0.8683385579937304,
  "models_agr": 0.7354651162790697
}