{
  "acc": 0.535,
  "agr": 0.05746058822496769,
  "models_acc": 0.63,
  "models_agr": 0.09667525456999138
}