{
  "acc": 0.4169278996865204,
  "agr": -0.3053875156207069,
  "models_acc": 0.786833855799373,
  "models_agr": 0.30315315315315317
}