{
  "acc": 0.5329153605015674,
  "agr": 0.041384630025889046,
  "models_acc": 0.7241379310344828,
  "models_agr": 0.39797233439298907
}