{
  "acc": 0.8495297805642633,
  "agr": 0.6983615221987316,
  "models_acc": 0.9122257053291536,
  "models_agr": 0.8234618734658327
}