{
  "acc": 0.81,
  "agr": 0.6174271018912744,
  "models_acc": 0.74,
  "models_agr": 0.48177083333333326
}