{
  "acc": 0.87,
  "agr": 0.7342485261771481,
  "models_acc": 0.92,
  "models_agr": 0.8366174055829227
}