{
  "acc": 0.92,
  "agr": 0.8375457157784744,
  "models_acc": 0.92,
  "models_agr": 0.838474025974026
}