{
  "acc": 0.44499999999999995,
  "agr": -0.11350967745448548,
  "models_acc": 0.55,
  "models_agr": -0.0049377174278981695
}