{
  "acc": 0.665,
  "agr": 0.31690405847496417,
  "models_acc": 0.85,
  "models_agr": 0.6168656141701964
}