{
  "acc": 0.8260188087774294,
  "agr": 0.6498975168069818,
  "models_acc": 0.8714733542319749,
  "models_agr": 0.7383721512647132
}