{
  "acc": 0.3652037617554859,
  "agr": -0.2850923231297212,
  "models_acc": 0.7774294670846394,
  "models_agr": 0.5369170122357037
}