{
  "acc": 0.6927899686520376,
  "agr": 0.38577557236999166,
  "models_acc": 0.8557993730407524,
  "models_agr": 0.7117079889807163
}