{
  "acc": 0.49,
  "agr": -0.08979806729340312,
  "models_acc": 0.7,
  "models_agr": 0.030214424951267138
}