{
  "acc": 0.8200000000000001,
  "agr": 0.6364783486534334,
  "models_acc": 0.84,
  "models_agr": 0.679549114331723
}