{
  "acc": 0.8307210031347962,
  "agr": 0.6601995541326904,
  "models_acc": 0.8871473354231975,
  "models_agr": 0.7722107438016529
}