{
  "acc": 0.755,
  "agr": 0.5118432310233056,
  "models_acc": 0.79,
  "models_agr": 0.5587583148558758
}