{
  "acc": 0.945,
  "agr": 0.8878759238693468,
  "models_acc": 0.91,
  "models_agr": 0.816777493606138
}