{
  "acc": 0.645,
  "agr": 0.2685130396224756,
  "models_acc": 0.83,
  "models_agr": 0.5295508274231678
}