{
  "acc": 0.9450000000000001,
  "agr": 0.8880703115635502,
  "models_acc": 0.91,
  "models_agr": 0.816777493606138
}