{
  "acc": 0.554858934169279,
  "agr": 0.11099971244478873,
  "models_acc": 0.8683385579937304,
  "models_agr": 0.7365072486605736
}