{
  "acc": 0.5438871473354232,
  "agr": 0.07925314371768433,
  "models_acc": 0.9467084639498433,
  "models_agr": 0.8902002534854245
}