{
  "acc": 0.61,
  "agr": 0.22085283435088138,
  "models_acc": 0.7,
  "models_agr": 0.3665110356536502
}