{
  "acc": 0.3573667711598746,
  "agr": -0.34433702658770693,
  "models_acc": 0.5297805642633229,
  "models_agr": 0.06102594339622647
}