{
  "acc": 0.595,
  "agr": 0.1922371821927445,
  "models_acc": 0.61,
  "models_agr": 0.18055115616091222
}