{
  "acc": 0.4780564263322884,
  "agr": -0.3457819284861636,
  "models_acc": 0.9905956112852664,
  "models_agr": 0.8753017944535073
}