{
  "acc": 0.915,
  "agr": 0.8276634922105244,
  "models_acc": 0.95,
  "models_agr": 0.8992813037756858
}