{
  "acc": 0.865,
  "agr": 0.7207180500502071,
  "models_acc": 0.87,
  "models_agr": 0.7268503853869708
}