{
  "acc": 0.677115987460815,
  "agr": 0.3548763439679717,
  "models_acc": 0.8307210031347962,
  "models_agr": 0.6612236054207374
}