{
  "acc": 0.815,
  "agr": 0.6240383642148254,
  "models_acc": 0.77,
  "models_agr": 0.5344318990947005
}