{
  "acc": 0.432601880877743,
  "agr": -0.15327670119584502,
  "models_acc": 0.7304075235109718,
  "models_agr": 0.44637804187889074
}