{
  "acc": 0.935,
  "agr": 0.8682591674451224,
  "models_acc": 0.91,
  "models_agr": 0.8187063467962344
}