{
  "acc": 0.58,
  "agr": 0.16377378904940842,
  "models_acc": 0.64,
  "models_agr": 0.2731331168831169
}