{
  "acc": 0.9,
  "agr": 0.7945523845609097,
  "models_acc": 0.9,
  "models_agr": 0.7943365026870608
}