{
  "acc": 0.905,
  "agr": 0.8057402655969337,
  "models_acc": 0.91,
  "models_agr": 0.8155699721964782
}