{
  "acc": 0.4106583072100314,
  "agr": -0.2720567306375141,
  "models_acc": 0.7178683385579937,
  "models_agr": 0.28473400538975946
}