{
  "acc": 0.8300000000000001,
  "agr": 0.6567207681452503,
  "models_acc": 0.82,
  "models_agr": 0.6394927536231885
}