{
  "acc": 0.6269592476489028,
  "agr": 0.2453434273689748,
  "models_acc": 0.7178683385579937,
  "models_agr": 0.43125
}