{
  "acc": 0.89,
  "agr": 0.7750161808819596,
  "models_acc": 0.86,
  "models_agr": 0.7120711037618851
}