{
  "acc": 0.7849999999999999,
  "agr": 0.560319368924479,
  "models_acc": 0.81,
  "models_agr": 0.610647719081454
}