{
  "acc": 0.45297805642633227,
  "agr": -0.2886409363024639,
  "models_acc": 0.877742946708464,
  "models_agr": 0.449364984373961
}