{
  "acc": 0.43103448275862066,
  "agr": -0.25268841749305126,
  "models_acc": 0.7836990595611285,
  "models_agr": 0.3727899310758166
}