{
  "acc": 0.865,
  "agr": 0.7231967223609409,
  "models_acc": 0.81,
  "models_agr": 0.6077393920531176
}