{
  "acc": 0.645,
  "agr": 0.27995909044101813,
  "models_acc": 0.73,
  "models_agr": 0.4561190403887033
}