{
  "acc": 0.92,
  "agr": 0.8385058536951369,
  "models_acc": 0.9,
  "models_agr": 0.7997181964573269
}