{
  "acc": 0.815,
  "agr": 0.6133211044061155,
  "models_acc": 0.85,
  "models_agr": 0.6780282601661094
}