{
  "acc": 0.4043887147335423,
  "agr": -0.1966629176729605,
  "models_acc": 0.7178683385579937,
  "models_agr": 0.43595041322314054
}