{
  "acc": 0.64,
  "agr": 0.28055880494794105,
  "models_acc": 0.58,
  "models_agr": 0.10360360360360354
}