{
  "acc": 0.72,
  "agr": 0.4404167909481744,
  "models_acc": 0.82,
  "models_agr": 0.6394927536231885
}