{
  "acc": 0.69,
  "agr": 0.3540916156935434,
  "models_acc": 0.72,
  "models_agr": 0.40240240240240244
}