{
  "acc": 0.5987460815047021,
  "agr": 0.1816728985761717,
  "models_acc": 0.6363636363636364,
  "models_agr": 0.2443962696335079
}