{
  "acc": 0.5799373040752351,
  "agr": 0.15530653219405144,
  "models_acc": 0.6927899686520376,
  "models_agr": 0.385183580208005
}