{
  "acc": 0.9450000000000001,
  "agr": 0.8876815361751433,
  "models_acc": 0.93,
  "models_agr": 0.8574936061381074
}