{
  "acc": 0.384012539184953,
  "agr": -0.24066167124286209,
  "models_acc": 0.7398119122257053,
  "models_agr": 0.4801124910272673
}