{
  "acc": 0.905,
  "agr": 0.8084055384482605,
  "models_acc": 0.91,
  "models_agr": 0.8200180886343081
}