{
  "acc": 0.3338557993730408,
  "agr": -0.3376392553307985,
  "models_acc": 0.64576802507837,
  "models_agr": 0.2926186896233183
}