{
  "acc": 0.5015673981191222,
  "agr": -0.014115261271458235,
  "models_acc": 0.554858934169279,
  "models_agr": 0.10963461689896847
}