{
  "acc": 0.47335423197492166,
  "agr": -0.24081879397491224,
  "models_acc": 0.8495297805642633,
  "models_agr": 0.3150537634408602
}