{
  "acc": 0.8049999999999999,
  "agr": 0.6076667963010975,
  "models_acc": 0.75,
  "models_agr": 0.5012531328320802
}