{
  "acc": 0.2821316614420063,
  "agr": -0.46320706713544646,
  "models_acc": 0.7617554858934169,
  "models_agr": 0.4914705882352941
}