{
  "acc": 0.905,
  "agr": 0.8074771471404061,
  "models_acc": 0.91,
  "models_agr": 0.8187063467962344
}