{
  "acc": 0.665,
  "agr": 0.3225650629656791,
  "models_acc": 0.79,
  "models_agr": 0.49765596826541647
}