{
  "acc": 0.567398119122257,
  "agr": 0.10599416340874329,
  "models_acc": 0.7429467084639498,
  "models_agr": 0.4295107033639144
}