{
  "acc": 0.5062695924764891,
  "agr": -0.1339857828994092,
  "models_acc": 0.8463949843260188,
  "models_agr": 0.42450725519479315
}