{
  "acc": 0.4059561128526646,
  "agr": -0.28283265501574983,
  "models_acc": 0.7899686520376176,
  "models_agr": 0.42485007748803993
}