{
  "acc": 0.915,
  "agr": 0.8271973963338728,
  "models_acc": 0.93,
  "models_agr": 0.8583053605940393
}