{
  "acc": 0.42500000000000004,
  "agr": -0.25334234413189727,
  "models_acc": 0.59,
  "models_agr": -0.13461271033235978
}