{
  "acc": 0.45141065830721006,
  "agr": -0.30960667568280775,
  "models_acc": 0.19122257053291536,
  "models_agr": -0.6150353773584905
}