{
  "acc": 0.925,
  "agr": 0.8490928722389397,
  "models_acc": 0.91,
  "models_agr": 0.8204511278195489
}