{
  "acc": 0.5407523510971787,
  "agr": 0.06149598949422508,
  "models_acc": 0.5893416927899686,
  "models_agr": 0.1726534537630997
}