{
  "acc": 0.76,
  "agr": 0.5008799006269119,
  "models_acc": 0.62,
  "models_agr": 0.23892914653784225
}