{
  "acc": 0.7272727272727273,
  "agr": 0.4514309146758421,
  "models_acc": 0.780564263322884,
  "models_agr": 0.5610874872037168
}