{
  "acc": 0.7849999999999999,
  "agr": 0.5621776067051178,
  "models_acc": 0.69,
  "models_agr": 0.3815538847117794
}