{
  "acc": 0.6238244514106583,
  "agr": 0.2342516889315152,
  "models_acc": 0.8432601880877743,
  "models_agr": 0.6665619765494137
}