{
  "acc": 0.5203761755485894,
  "agr": 0.023726928706686357,
  "models_acc": 0.6739811912225705,
  "models_agr": 0.347541758588087
}