{
  "acc": 0.655,
  "agr": 0.3070477794413468,
  "models_acc": 0.69,
  "models_agr": 0.38254428986087474
}