{
  "acc": 0.7241379310344828,
  "agr": 0.44773765332493526,
  "models_acc": 0.8620689655172413,
  "models_agr": 0.7243509047993706
}