{
  "acc": 0.975,
  "agr": 0.9486882724044199,
  "models_acc": 0.95,
  "models_agr": 0.8975388734424878
}