{
  "acc": 0.4498432601880878,
  "agr": -0.24111464183439724,
  "models_acc": 0.7021943573667712,
  "models_agr": 0.06752238162010571
}