{
  "acc": 0.4122257053291536,
  "agr": -0.18792495297109368,
  "models_acc": 0.670846394984326,
  "models_agr": 0.33222511756072726
}