{
  "acc": 0.3949843260188088,
  "agr": -0.21892390011890606,
  "models_acc": 0.987460815047022,
  "models_agr": 0.9737319587628867
}