{
  "acc": 0.4717868338557994,
  "agr": -0.17371939519296575,
  "models_acc": 0.7272727272727273,
  "models_agr": 0.13576608187134498
}