{
  "acc": 0.76,
  "agr": 0.5216023644337549,
  "models_acc": 0.8,
  "models_agr": 0.5940432476540187
}