{
  "acc": 0.6300940438871473,
  "agr": 0.2585126675724733,
  "models_acc": 0.799373040752351,
  "models_agr": 0.5964842822076174
}