{
  "acc": 0.87,
  "agr": 0.7349169067674326,
  "models_acc": 0.78,
  "models_agr": 0.5506978653530377
}