{
  "acc": 0.48589341692789967,
  "agr": -0.03456550334738545,
  "models_acc": 0.6677115987460815,
  "models_agr": 0.33630180073916804
}