{
  "acc": 0.8,
  "agr": 0.5896863074461378,
  "models_acc": 0.84,
  "models_agr": 0.6709384042992972
}