{
  "acc": 0.54858934169279,
  "agr": 0.09634223949389525,
  "models_acc": 0.7617554858934169,
  "models_agr": 0.5177703402661566
}