{
  "acc": 0.865,
  "agr": 0.7283529219073315,
  "models_acc": 0.79,
  "models_agr": 0.5817235511960765
}