{
  "acc": 0.4043887147335423,
  "agr": -0.31165869009102454,
  "models_acc": 0.799373040752351,
  "models_agr": 0.39635157545605315
}