{
  "acc": 0.5689655172413792,
  "agr": 0.13159076084771548,
  "models_acc": 0.6833855799373041,
  "models_agr": 0.3668677485066475
}