{
  "acc": 0.675,
  "agr": 0.3524579272787816,
  "models_acc": 0.63,
  "models_agr": 0.2576872668615787
}