{
  "acc": 0.455,
  "agr": -0.17328933552879944,
  "models_acc": 0.81,
  "models_agr": 0.23754789272030652
}