{
  "acc": 0.585,
  "agr": 0.13268057437487646,
  "models_acc": 0.57,
  "models_agr": 0.14008642347502764
}