{
  "acc": 0.5909090909090908,
  "agr": 0.18047308843392268,
  "models_acc": 0.7147335423197492,
  "models_agr": 0.42711864406779654
}