{
  "acc": 0.5219435736677116,
  "agr": 0.027250414232303233,
  "models_acc": 0.7147335423197492,
  "models_agr": 0.4122484157160963
}