{
  "acc": 0.5700000000000001,
  "agr": 0.09963413507936819,
  "models_acc": 0.72,
  "models_agr": 0.18822843822843816
}