{
  "acc": 0.47,
  "agr": -0.22888537176323476,
  "models_acc": 0.92,
  "models_agr": 0.16210526315789464
}