{
  "acc": 0.8620689655172413,
  "agr": 0.7241442531168842,
  "models_acc": 0.9310344827586207,
  "models_agr": 0.8620560674068825
}