{
  "acc": 0.3166144200626959,
  "agr": -0.36824056406621963,
  "models_acc": 0.6489028213166145,
  "models_agr": 0.29735266309486297
}