{
  "acc": 0.895,
  "agr": 0.7859979603944447,
  "models_acc": 0.87,
  "models_agr": 0.7353452685421995
}