{
  "acc": 0.755,
  "agr": 0.5114618577694235,
  "models_acc": 0.85,
  "models_agr": 0.6946291560102302
}