{
  "acc": 0.545,
  "agr": 0.05267504105090309,
  "models_acc": 0.77,
  "models_agr": 0.32202636646422744
}