{
  "acc": 0.6018808777429467,
  "agr": 0.20151871772994923,
  "models_acc": 0.7241379310344828,
  "models_agr": 0.44674299249901295
}