{
  "acc": 0.905,
  "agr": 0.8019460542852797,
  "models_acc": 0.89,
  "models_agr": 0.7638873907884802
}