{
  "acc": 0.915,
  "agr": 0.825022608272777,
  "models_acc": 0.91,
  "models_agr": 0.8126373051574433
}