{
  "acc": 0.5219435736677116,
  "agr": 0.03895617624867337,
  "models_acc": 0.6520376175548589,
  "models_agr": 0.30516602627725753
}