{
  "acc": 0.66,
  "agr": 0.3116940657007211,
  "models_acc": 0.76,
  "models_agr": 0.4201068479844584
}