{
  "acc": 0.6159874608150471,
  "agr": 0.2208919885060348,
  "models_acc": 0.6896551724137931,
  "models_agr": 0.3778376298576376
}