{
  "acc": 0.575,
  "agr": 0.06743894412491591,
  "models_acc": 0.79,
  "models_agr": 0.20232868868104603
}