{
  "acc": 0.3072100313479624,
  "agr": -0.45613144839974573,
  "models_acc": 0.542319749216301,
  "models_agr": 0.08584965007470324
}