{
  "acc": 0.545,
  "agr": 0.02612993055555557,
  "models_acc": 0.81,
  "models_agr": 0.27829738499713685
}