{
  "acc": 0.89,
  "agr": 0.7722487458014934,
  "models_acc": 0.84,
  "models_agr": 0.6621392190152802
}