{
  "acc": 0.4984326018808778,
  "agr": -0.021911056901370296,
  "models_acc": 0.6489028213166145,
  "models_agr": 0.29884424876169513
}