{
  "acc": 0.5700000000000001,
  "agr": 0.14143302248435613,
  "models_acc": 0.58,
  "models_agr": 0.10360360360360354
}