{
  "acc": 0.91,
  "agr": 0.817415300678656,
  "models_acc": 0.94,
  "models_agr": 0.8788555194805194
}