{
  "acc": 0.81,
  "agr": 0.6173666043008714,
  "models_acc": 0.76,
  "models_agr": 0.5216346153846154
}