{
  "acc": 0.525,
  "agr": 0.01022170771756975,
  "models_acc": 0.67,
  "models_agr": 0.027255221448674205
}