{
  "acc": 0.76,
  "agr": 0.5067652634250995,
  "models_acc": 0.8,
  "models_agr": 0.5886730053741216
}