{
  "acc": 0.78,
  "agr": 0.5580795010142836,
  "models_acc": 0.78,
  "models_agr": 0.5558035714285714
}