{
  "acc": 0.48589341692789967,
  "agr": -0.14213370591390673,
  "models_acc": 0.8808777429467085,
  "models_agr": 0.6334645669291339
}