{
  "acc": 0.85,
  "agr": 0.6931795791298865,
  "models_acc": 0.8,
  "models_agr": 0.597979797979798
}