{
  "acc": 0.66,
  "agr": 0.30774874736962693,
  "models_acc": 0.84,
  "models_agr": 0.5961440892947742
}