{
  "acc": 0.92,
  "agr": 0.8371355498721227,
  "models_acc": 0.92,
  "models_agr": 0.8376172990616075
}