{
  "acc": 0.86,
  "agr": 0.714099025974026,
  "models_acc": 0.88,
  "models_agr": 0.7549261083743842
}