{
  "acc": 0.51,
  "agr": -0.16707755058159374,
  "models_acc": 0.14,
  "models_agr": -0.7141426282051284
}