{
  "acc": 0.885,
  "agr": 0.7668862100176039,
  "models_acc": 0.97,
  "models_agr": 0.9395687822654115
}