{
  "acc": 0.95,
  "agr": 0.8986155958980426,
  "models_acc": 0.92,
  "models_agr": 0.838474025974026
}