{
  "acc": 0.34169278996865204,
  "agr": -0.337290176355006,
  "models_acc": 0.6363636363636364,
  "models_agr": 0.26601239669421484
}