{
  "acc": 0.5047021943573667,
  "agr": 0.010326836347722301,
  "models_acc": 0.7178683385579937,
  "models_agr": 0.4363496932515337
}