{
  "acc": 0.865,
  "agr": 0.7195783315025979,
  "models_acc": 0.89,
  "models_agr": 0.7665066666666667
}