{
  "acc": 0.5454545454545454,
  "agr": 0.06810933799229907,
  "models_acc": 0.7115987460815048,
  "models_agr": 0.3706074405017613
}