{
  "acc": 0.8200000000000001,
  "agr": 0.637695747526049,
  "models_acc": 0.8,
  "models_agr": 0.6005620232838218
}