{
  "acc": 0.7789968652037618,
  "agr": 0.5540535622298371,
  "models_acc": 0.8463949843260188,
  "models_agr": 0.6835183776932826
}