{
  "acc": 0.5893416927899686,
  "agr": 0.15759579541107283,
  "models_acc": 0.6300940438871473,
  "models_agr": 0.2609918200408997
}