{
  "acc": 0.4106583072100313,
  "agr": -0.30803368232618333,
  "models_acc": 0.8307210031347962,
  "models_agr": 0.466796875
}