{
  "acc": 0.31191222570532917,
  "agr": -0.3838655547397176,
  "models_acc": 0.7523510971786834,
  "models_agr": 0.5045241963274749
}