{
  "acc": 0.7250000000000001,
  "agr": 0.45050153640319923,
  "models_acc": 0.73,
  "models_agr": 0.4561190403887033
}