{
  "acc": 0.685,
  "agr": 0.3727447339660516,
  "models_acc": 0.71,
  "models_agr": 0.39627576106287277
}