{
  "acc": 0.6598746081504703,
  "agr": 0.31992957757360996,
  "models_acc": 0.9216300940438872,
  "models_agr": 0.8432038595973022
}