{
  "acc": 0.4435736677115988,
  "agr": -0.24080798726350194,
  "models_acc": 0.7899686520376176,
  "models_agr": 0.33444054580896687
}