{
  "acc": 0.4357366771159875,
  "agr": -0.16392722885070976,
  "models_acc": 0.7617554858934169,
  "models_agr": 0.4664521248457062
}