{
  "acc": 0.8,
  "agr": 0.6018088046418495,
  "models_acc": 0.88,
  "models_agr": 0.757711038961039
}