{
  "acc": 0.384012539184953,
  "agr": -0.3338953726170705,
  "models_acc": 0.7460815047021944,
  "models_agr": 0.29835320994873327
}