{
  "acc": 0.49216300940438873,
  "agr": -0.31707694783654006,
  "models_acc": 0.9435736677115988,
  "models_agr": 0.15392561983471076
}