{
  "acc": 0.86,
  "agr": 0.7165945899346284,
  "models_acc": 0.92,
  "models_agr": 0.8391919191919192
}