{
  "acc": 0.4482758620689655,
  "agr": -0.13761879207171446,
  "models_acc": 0.6050156739811913,
  "models_agr": 0.15399696433088783
}