{
  "acc": 0.6253918495297806,
  "agr": 0.2384634036289356,
  "models_acc": 0.7021943573667712,
  "models_agr": 0.3890891103102254
}