{
  "acc": 0.48746081504702193,
  "agr": -0.13037489412327785,
  "models_acc": 0.7899686520376176,
  "models_agr": 0.39096993307361905
}