{
  "acc": 0.885,
  "agr": 0.7655585127604265,
  "models_acc": 0.91,
  "models_agr": 0.816777493606138
}