{
  "acc": 0.3244514106583072,
  "agr": -0.3852028657779536,
  "models_acc": 0.8087774294670846,
  "models_agr": 0.5835128675091374
}