{
  "acc": 0.8500000000000001,
  "agr": 0.6969270671231456,
  "models_acc": 0.82,
  "models_agr": 0.6394927536231885
}