{
  "acc": 0.895,
  "agr": 0.7808693825892301,
  "models_acc": 0.87,
  "models_agr": 0.7209578254772948
}