{
  "acc": 0.835,
  "agr": 0.662249441444505,
  "models_acc": 0.85,
  "models_agr": 0.6926166203274637
}