{
  "acc": 0.5109717868338558,
  "agr": 0.009544476864340457,
  "models_acc": 0.8746081504702194,
  "models_agr": 0.7401060791513667
}