{
  "acc": 0.44984326018808773,
  "agr": -0.1057712584576177,
  "models_acc": 0.5642633228840125,
  "models_agr": 0.11599325086610568
}