{
  "acc": 0.5752351097178683,
  "agr": 0.15027159817739688,
  "models_acc": 0.8714733542319749,
  "models_agr": 0.7430971562349378
}