{
  "acc": 0.635,
  "agr": 0.25702302631578955,
  "models_acc": 0.75,
  "models_agr": 0.4019713907921625
}