{
  "acc": 0.3401253918495298,
  "agr": -0.347539557932812,
  "models_acc": 0.5579937304075235,
  "models_agr": 0.11681760523909257
}