{
  "acc": 0.5449999999999999,
  "agr": 0.0009710885780606082,
  "models_acc": 0.77,
  "models_agr": 0.1263599923649552
}