{
  "acc": 0.64,
  "agr": 0.2762308310187364,
  "models_acc": 0.58,
  "models_agr": 0.16118024889602567
}