{
  "acc": 0.88,
  "agr": 0.7578325446168397,
  "models_acc": 0.84,
  "models_agr": 0.679549114331723
}