{
  "acc": 0.6943573667711598,
  "agr": 0.3873334814832611,
  "models_acc": 0.8401253918495298,
  "models_agr": 0.6807394085910552
}