{
  "acc": 0.885,
  "agr": 0.763665986159802,
  "models_acc": 0.87,
  "models_agr": 0.7293649963385291
}