{
  "acc": 0.855,
  "agr": 0.7052899333327073,
  "models_acc": 0.81,
  "models_agr": 0.6154002644695351
}