{
  "acc": 0.7727272727272727,
  "agr": 0.5444845705849103,
  "models_acc": 0.8714733542319749,
  "models_agr": 0.7416332789236781
}