{
  "acc": 0.83,
  "agr": 0.6475613349414653,
  "models_acc": 0.98,
  "models_agr": 0.95776740237691
}