{
  "acc": 0.825,
  "agr": 0.6476363926200439,
  "models_acc": 0.77,
  "models_agr": 0.5411528822055138
}