{
  "acc": 0.5188087774294671,
  "agr": 0.0026665921281023297,
  "models_acc": 0.6144200626959248,
  "models_agr": 0.1933969548163933
}