{
  "acc": 0.4341692789968652,
  "agr": -0.15239406587065385,
  "models_acc": 0.5391849529780565,
  "models_agr": 0.02130083510143499
}