{
  "acc": 0.6950000000000001,
  "agr": 0.37790092333099795,
  "models_acc": 0.71,
  "models_agr": 0.3523734709909101
}