{
  "acc": 0.51,
  "agr": 0.0047323319717830215,
  "models_acc": 0.54,
  "models_agr": 0.00672743055555558
}