{
  "acc": 0.5219435736677116,
  "agr": 0.043974374316838316,
  "models_acc": 0.9090909090909091,
  "models_agr": 0.817886964322683
}