{
  "acc": 0.5,
  "agr": -0.010168020474018047,
  "models_acc": 0.66,
  "models_agr": 0.19452380952380954
}