{
  "acc": 0.5031347962382444,
  "agr": 0.006926260252568595,
  "models_acc": 0.7335423197492164,
  "models_agr": 0.46791993003213417
}