{
  "acc": 0.865,
  "agr": 0.7273660444213983,
  "models_acc": 0.81,
  "models_agr": 0.6209523809523809
}