{
  "acc": 0.6699999999999999,
  "agr": 0.3356605575040015,
  "models_acc": 0.76,
  "models_agr": 0.4599728629579376
}