{
  "acc": 0.885,
  "agr": 0.7643560948545125,
  "models_acc": 0.85,
  "models_agr": 0.6926166203274637
}