{
  "acc": 0.609717868338558,
  "agr": 0.19572368321633132,
  "models_acc": 0.7335423197492164,
  "models_agr": 0.421904528031945
}