{
  "acc": 0.5611285266457681,
  "agr": 0.11390629805407865,
  "models_acc": 0.7304075235109718,
  "models_agr": 0.44390531102809805
}