{
  "acc": 0.35893416927899685,
  "agr": -0.3018205366160569,
  "models_acc": 0.5893416927899686,
  "models_agr": 0.14989659844541114
}