{
  "acc": 0.665,
  "agr": 0.3145294173030652,
  "models_acc": 0.69,
  "models_agr": 0.2852508399953656
}