{
  "acc": 0.39811912225705326,
  "agr": -0.21563182439257578,
  "models_acc": 0.7115987460815048,
  "models_agr": 0.4178719008264462
}