{
  "acc": 0.38557993730407525,
  "agr": -0.3375083389450316,
  "models_acc": 0.8181818181818182,
  "models_agr": 0.48566098674685376
}