{
  "acc": 0.825,
  "agr": 0.6472286783109908,
  "models_acc": 0.81,
  "models_agr": 0.6215594034631168
}