{
  "acc": 0.45499999999999996,
  "agr": -0.27619195273222885,
  "models_acc": 0.95,
  "models_agr": 0.2635085122131754
}