{
  "acc": 0.5454545454545454,
  "agr": 0.09176339401736061,
  "models_acc": 0.768025078369906,
  "models_agr": 0.5367727987421385
}