{
  "acc": 0.4952978056426332,
  "agr": -0.2940545041531657,
  "models_acc": 0.9498432601880877,
  "models_agr": 0.40327868852459015
}