{
  "acc": 0.835,
  "agr": 0.6670593234434938,
  "models_acc": 0.79,
  "models_agr": 0.5800422068133857
}