{
  "acc": 0.45141065830721006,
  "agr": -0.3026193277335155,
  "models_acc": 0.9498432601880877,
  "models_agr": 0.7557983515430324
}