{
  "acc": 0.8103448275862069,
  "agr": 0.6197108273501235,
  "models_acc": 0.9090909090909091,
  "models_agr": 0.8166214995483287
}