{
  "acc": 0.76,
  "agr": 0.5211945294727686,
  "models_acc": 0.8,
  "models_agr": 0.6005620232838218
}