{
  "acc": 0.8401253918495297,
  "agr": 0.6777083333333334,
  "models_acc": 0.9059561128526645,
  "models_agr": 0.8068760611205432
}