{
  "acc": 0.36520376175548586,
  "agr": -0.2994746493235274,
  "models_acc": 0.5768025078369906,
  "models_agr": 0.10957060169605604
}