{
  "acc": 0.46081504702194354,
  "agr": -0.0931950487753671,
  "models_acc": 0.6614420062695925,
  "models_agr": 0.3238855255916345
}