{
  "acc": 0.44999999999999996,
  "agr": -0.1488198390151515,
  "models_acc": 0.6,
  "models_agr": -0.12365894974590619
}