{
  "acc": 0.94,
  "agr": 0.8786413377524149,
  "models_acc": 0.92,
  "models_agr": 0.8391919191919192
}