{
  "acc": 0.825,
  "agr": 0.6382009236515969,
  "models_acc": 0.87,
  "models_agr": 0.7268503853869708
}