{
  "acc": 0.45999999999999996,
  "agr": -0.17619831226510763,
  "models_acc": 0.48,
  "models_agr": -0.25643516270034006
}