{
  "acc": 0.4482758620689655,
  "agr": -0.31745453913692745,
  "models_acc": 0.8683385579937304,
  "models_agr": 0.327112676056338
}