{
  "acc": 0.6599999999999999,
  "agr": 0.3222953088857666,
  "models_acc": 0.68,
  "models_agr": 0.3590982286634461
}