{
  "acc": 0.885,
  "agr": 0.7579686414554079,
  "models_acc": 0.89,
  "models_agr": 0.7578271932735923
}