{
  "acc": 0.5470219435736676,
  "agr": 0.07233432148942259,
  "models_acc": 0.7523510971786834,
  "models_agr": 0.4647457374730102
}