{
  "acc": 0.46238244514106586,
  "agr": -0.1649589203194053,
  "models_acc": 0.7335423197492164,
  "models_agr": 0.2637039857486707
}