{
  "acc": 0.6614420062695925,
  "agr": 0.32295269657065173,
  "models_acc": 0.8369905956112853,
  "models_agr": 0.6744122041361957
}