{
  "acc": 0.795,
  "agr": 0.5628689648554359,
  "models_acc": 0.77,
  "models_agr": 0.4784045584045584
}