{
  "acc": 0.4780564263322884,
  "agr": -0.05159916995748448,
  "models_acc": 0.7335423197492164,
  "models_agr": 0.4637887835843807
}