{
  "acc": 0.6206896551724137,
  "agr": 0.23949923741299967,
  "models_acc": 0.7554858934169278,
  "models_agr": 0.510926057169856
}