{
  "acc": 0.38714733542319746,
  "agr": -0.22443317284169706,
  "models_acc": 0.6959247648902821,
  "models_agr": 0.3899009646810233
}