{
  "acc": 0.5425,
  "agr": 0.01421362316303948,
  "models_acc": 0.285,
  "models_agr": -0.426746017854017
}