{
  "acc": 0.635,
  "agr": 0.19946807093923924,
  "models_acc": 0.87,
  "models_agr": 0.6021629084215371
}