{
  "acc": 0.81,
  "agr": 0.6208357178910711,
  "models_acc": 0.93,
  "models_agr": 0.8602941176470589
}