{
  "acc": 0.72,
  "agr": 0.435816987765506,
  "models_acc": 0.74,
  "models_agr": 0.4760606060606061
}