{
  "acc": 0.6275,
  "agr": 0.16050108958803327,
  "models_acc": 0.825,
  "models_agr": 0.4021576266107282
}