{
  "acc": 0.705,
  "agr": 0.38914717502056817,
  "models_acc": 0.95,
  "models_agr": 0.8844282238442822
}