{
  "acc": 0.7025,
  "agr": 0.3940480356804553,
  "models_acc": 0.785,
  "models_agr": 0.5359837728194726
}