{
  "acc": 0.7975000000000001,
  "agr": 0.5956736208788539,
  "models_acc": 0.905,
  "models_agr": 0.8104702617565439
}