{
  "acc": 0.7375,
  "agr": 0.4761534240150094,
  "models_acc": 0.735,
  "models_agr": 0.4706765788090411
}