{
  "acc": 0.635,
  "agr": 0.23893515608631893,
  "models_acc": 0.56,
  "models_agr": 0.11144852717886422
}