{
  "acc": 0.72,
  "agr": 0.4325180060060477,
  "models_acc": 0.98,
  "models_agr": 0.9576612903225806
}