{
  "acc": 0.7275,
  "agr": 0.4559082952434388,
  "models_acc": 0.955,
  "models_agr": 0.9101148907411579
}