{
  "acc": 0.83,
  "agr": 0.6601545423950026,
  "models_acc": 0.88,
  "models_agr": 0.7603843459113202
}