{
  "acc": 0.8300000000000001,
  "agr": 0.6596142630567404,
  "models_acc": 0.9,
  "models_agr": 0.7997792051384987
}