{
  "acc": 0.825,
  "agr": 0.6508400840084008,
  "models_acc": 0.95,
  "models_agr": 0.9002400240024002
}