{
  "acc": 0.6675,
  "agr": 0.3141342123754348,
  "models_acc": 0.615,
  "models_agr": 0.20765957446808514
}