{
  "acc": 0.8175,
  "agr": 0.6352460581385238,
  "models_acc": 0.925,
  "models_agr": 0.8495285983658076
}