{
  "acc": 0.7025,
  "agr": 0.39055909412597306,
  "models_acc": 0.815,
  "models_agr": 0.6052568250487981
}