{
  "acc": 0.82,
  "agr": 0.6404595629646317,
  "models_acc": 0.94,
  "models_agr": 0.8798675230830991
}