{
  "acc": 0.74,
  "agr": 0.4707438530967943,
  "models_acc": 0.75,
  "models_agr": 0.48046875
}