{
  "acc": 0.7475,
  "agr": 0.4945582586427657,
  "models_acc": 0.745,
  "models_agr": 0.4856037816931672
}