{
  "acc": 0.725,
  "agr": 0.4472914247421056,
  "models_acc": 0.77,
  "models_agr": 0.5355299119344064
}