{
  "acc": 0.77,
  "agr": 0.5369711647619768,
  "models_acc": 0.76,
  "models_agr": 0.521152115211521
}