{
  "acc": 0.835,
  "agr": 0.6705672595504742,
  "models_acc": 0.89,
  "models_agr": 0.7801983173076923
}