{
  "acc": 0.76,
  "agr": 0.5207776430442489,
  "models_acc": 0.82,
  "models_agr": 0.6407563025210083
}