{
  "acc": 0.75,
  "agr": 0.4915233407355336,
  "models_acc": 0.75,
  "models_agr": 0.4845494005787516
}