{
  "acc": 0.715,
  "agr": 0.43045192693697315,
  "models_acc": 0.8,
  "models_agr": 0.5990352728369008
}