{
  "acc": 0.6975,
  "agr": 0.3791974128288405,
  "models_acc": 0.725,
  "models_agr": 0.41634086012925875
}