{
  "acc": 0.6174999999999999,
  "agr": 0.14816542720054082,
  "models_acc": 0.865,
  "models_agr": 0.5486992585145155
}