{
  "acc": 0.7825,
  "agr": 0.5618927605755561,
  "models_acc": 0.835,
  "models_agr": 0.6671553881544023
}