{
  "acc": 0.2675,
  "agr": -0.4726106688929137,
  "models_acc": 0.765,
  "models_agr": 0.531069490635393
}