{
  "acc": 0.74,
  "agr": 0.4739821662729916,
  "models_acc": 0.86,
  "models_agr": 0.7064943253467844
}