{
  "acc": 0.835,
  "agr": 0.6705013736263736,
  "models_acc": 0.9,
  "models_agr": 0.8003202882594335
}