{
  "acc": 0.7324999999999999,
  "agr": 0.45880676181799773,
  "models_acc": 0.695,
  "models_agr": 0.3911444652908067
}