{
  "acc": 0.77,
  "agr": 0.5355710791407206,
  "models_acc": 0.77,
  "models_agr": 0.5374029640084685
}