{
  "acc": 0.3,
  "agr": -0.4036761975067835,
  "models_acc": 0.71,
  "models_agr": 0.42000000000000004
}