{
  "acc": 0.5275,
  "agr": -0.13436952852873463,
  "models_acc": 0.755,
  "models_agr": -0.09843249620765215
}