{
  "acc": 0.73,
  "agr": 0.45191599957472506,
  "models_acc": 0.78,
  "models_agr": 0.5318400000000001
}