{
  "acc": 0.8125,
  "agr": 0.6254035819291146,
  "models_acc": 0.855,
  "models_agr": 0.7105440900562852
}