{
  "acc": 0.6575,
  "agr": 0.2515069606179708,
  "models_acc": 0.875,
  "models_agr": 0.6274509803921569
}