{
  "acc": 0.7725,
  "agr": 0.5460288555533217,
  "models_acc": 0.915,
  "models_agr": 0.830420760519013
}