{
  "acc": 0.6475,
  "agr": 0.22512579092367774,
  "models_acc": 0.865,
  "models_agr": 0.5830721003134797
}