{
  "acc": 0.8174999999999999,
  "agr": 0.6356143155617733,
  "models_acc": 0.885,
  "models_agr": 0.7705692642316058
}