{
  "acc": 0.765,
  "agr": 0.5299229863429127,
  "models_acc": 0.82,
  "models_agr": 0.6407563025210083
}