{
  "acc": 0.7675000000000001,
  "agr": 0.5343134839335306,
  "models_acc": 0.835,
  "models_agr": 0.6701570680628273
}