{
  "acc": 0.5549999999999999,
  "agr": -0.06839640983988854,
  "models_acc": 0.86,
  "models_agr": 0.22416666666666674
}