{
  "acc": 0.735,
  "agr": 0.4667575004375985,
  "models_acc": 0.77,
  "models_agr": 0.5332621299969484
}