{
  "acc": 0.48,
  "agr": -0.06665995215913378,
  "models_acc": 0.56,
  "models_agr": 0.022058823529411797
}