{
  "acc": 0.645,
  "agr": 0.20998274509803927,
  "models_acc": 0.82,
  "models_agr": 0.43890624999999994
}