{
  "acc": 0.74,
  "agr": 0.4792453648368644,
  "models_acc": 0.76,
  "models_agr": 0.5204326923076923
}