{
  "acc": 0.8,
  "agr": 0.6005106255162573,
  "models_acc": 0.92,
  "models_agr": 0.8398233641107988
}