{
  "acc": 0.8274999999999999,
  "agr": 0.6558581358283957,
  "models_acc": 0.885,
  "models_agr": 0.7705233677577455
}