{
  "acc": 0.5325,
  "agr": -0.07818027976832176,
  "models_acc": 0.825,
  "models_agr": 0.2640316205533596
}