{
  "acc": 0.54,
  "agr": 0.008859815598182608,
  "models_acc": 0.67,
  "models_agr": 0.09765625
}