{
  "acc": 0.7725,
  "agr": 0.5426306200264448,
  "models_acc": 0.955,
  "models_agr": 0.907712472051605
}