{
  "acc": 0.8125,
  "agr": 0.6246448745951645,
  "models_acc": 0.925,
  "models_agr": 0.8487069946156374
}