{
  "acc": 0.7625,
  "agr": 0.5194418481669598,
  "models_acc": 0.735,
  "models_agr": 0.4690818709045719
}