{
  "acc": 0.81,
  "agr": 0.6191757246376811,
  "models_acc": 0.85,
  "models_agr": 0.7006302521008403
}