{
  "acc": 0.6775,
  "agr": 0.3332745551743398,
  "models_acc": 0.715,
  "models_agr": 0.37310840982386506
}