{
  "acc": 0.5525,
  "agr": -0.114645860395577,
  "models_acc": 0.915,
  "models_agr": 0.27648000000000006
}