{
  "acc": 0.79,
  "agr": 0.5809661764705882,
  "models_acc": 0.86,
  "models_agr": 0.7206720672067206
}