{
  "acc": 0.7775000000000001,
  "agr": 0.552064767286218,
  "models_acc": 0.815,
  "models_agr": 0.6218396987627757
}