{
  "acc": 0.665,
  "agr": 0.3073397389010411,
  "models_acc": 0.56,
  "models_agr": 0.10199488491048592
}