{
  "acc": 0.5475,
  "agr": -0.13428235248023224,
  "models_acc": 0.925,
  "models_agr": 0.3097681928266637
}