{
  "acc": 0.7375,
  "agr": 0.469570189503527,
  "models_acc": 0.645,
  "models_agr": 0.2917572939323483
}