{
  "acc": 0.6425000000000001,
  "agr": 0.23120118471904988,
  "models_acc": 0.805,
  "models_agr": 0.46295081967213114
}