{
  "acc": 0.7575000000000001,
  "agr": 0.5099819159400379,
  "models_acc": 0.745,
  "models_agr": 0.4912622815570389
}