{
  "acc": 0.7725,
  "agr": 0.5448815165876777,
  "models_acc": 0.845,
  "models_agr": 0.6907054087169613
}