{
  "acc": 0.7825,
  "agr": 0.5629957101788805,
  "models_acc": 0.795,
  "models_agr": 0.5864657852827422
}