{
  "acc": 0.7124999999999999,
  "agr": 0.4161740563384941,
  "models_acc": 0.745,
  "models_agr": 0.45589454263482976
}