{
  "acc": 0.565,
  "agr": -0.04122947080291972,
  "models_acc": 0.9,
  "models_agr": 0.4458333333333333
}