{
  "acc": 0.5800000000000001,
  "agr": 0.07836660202339696,
  "models_acc": 0.77,
  "models_agr": 0.29613437643810403
}