{
  "acc": 0.675,
  "agr": 0.3281192102559617,
  "models_acc": 0.7,
  "models_agr": 0.33786923332227015
}