{
  "acc": 0.8474999999999999,
  "agr": 0.6956912762104768,
  "models_acc": 0.935,
  "models_agr": 0.8703217580439511
}