{
  "acc": 0.825,
  "agr": 0.6506032451923077,
  "models_acc": 0.93,
  "models_agr": 0.8602242017816034
}