{
  "acc": 0.575,
  "agr": -0.014682780855853117,
  "models_acc": 0.98,
  "models_agr": 0.8891666666666667
}