{
  "acc": 0.84,
  "agr": 0.6806662662326041,
  "models_acc": 0.95,
  "models_agr": 0.9001601441297168
}