{
  "acc": 0.5225,
  "agr": 0.017919946652978358,
  "models_acc": 0.635,
  "models_agr": 0.1797752808988764
}