{
  "acc": 0.6925,
  "agr": 0.3815380978423594,
  "models_acc": 0.765,
  "models_agr": 0.518054020713937
}