{
  "acc": 0.82,
  "agr": 0.6403245192307692,
  "models_acc": 0.95,
  "models_agr": 0.8997588182092252
}