{
  "acc": 0.5475,
  "agr": -0.05681679974690629,
  "models_acc": 0.755,
  "models_agr": 0.028232019484069726
}