{
  "acc": 0.6675,
  "agr": 0.29150613011043075,
  "models_acc": 0.835,
  "models_agr": 0.5639921851716945
}