{
  "acc": 0.53,
  "agr": -0.19740201696999227,
  "models_acc": 0.94,
  "models_agr": 0.220703125
}