{
  "acc": 0.66,
  "agr": 0.2691736801926274,
  "models_acc": 0.82,
  "models_agr": 0.5211999999999999
}