{
  "acc": 0.5549999999999999,
  "agr": -0.0618010876225491,
  "models_acc": 0.89,
  "models_agr": 0.4162011173184357
}