{
  "acc": 0.67,
  "agr": 0.340457375116952,
  "models_acc": 0.6,
  "models_agr": 0.19807054567380167
}