{
  "acc": 0.525,
  "agr": -0.20212819711193164,
  "models_acc": 0.94,
  "models_agr": 0.3036649214659686
}