{
  "acc": 0.64,
  "agr": 0.20910569105691051,
  "models_acc": 0.8,
  "models_agr": 0.4089764479336394
}