{
  "acc": 0.5575,
  "agr": 0.01150198765259236,
  "models_acc": 0.695,
  "models_agr": 0.0580517821897133
}