{
  "acc": 0.63,
  "agr": 0.24787419595097282,
  "models_acc": 0.63,
  "models_agr": 0.20833333333333337
}