{
  "acc": 0.655,
  "agr": 0.2564134874572821,
  "models_acc": 0.8,
  "models_agr": 0.46799999999999997
}