{
  "acc": 0.5874999999999999,
  "agr": 0.04362881953391656,
  "models_acc": 0.845,
  "models_agr": 0.32744277092055896
}