{
  "acc": 0.745,
  "agr": 0.4871206774876499,
  "models_acc": 0.76,
  "models_agr": 0.521152115211521
}