{
  "acc": 0.5725,
  "agr": 0.04071866948126418,
  "models_acc": 0.845,
  "models_agr": 0.4584263759358992
}