{
  "acc": 0.6525000000000001,
  "agr": 0.25236375120669857,
  "models_acc": 0.835,
  "models_agr": 0.5520057160355212
}