{
  "acc": 0.6625000000000001,
  "agr": 0.2715670859538784,
  "models_acc": 0.835,
  "models_agr": 0.5520057160355212
}