{
  "acc": 0.81,
  "agr": 0.6208646945562752,
  "models_acc": 0.91,
  "models_agr": 0.8203781512605042
}