{
  "acc": 0.5375,
  "agr": -0.050665185281576375,
  "models_acc": 0.735,
  "models_agr": 0.07408380401944048
}