{
  "acc": 0.7775000000000001,
  "agr": 0.5535370731466214,
  "models_acc": 0.755,
  "models_agr": 0.5109193245778612
}