{
  "acc": 0.785,
  "agr": 0.568757939308398,
  "models_acc": 0.81,
  "models_agr": 0.6206085476929236
}