{
  "acc": 0.605,
  "agr": 0.18563576536168752,
  "models_acc": 0.53,
  "models_agr": 0.05469301340860977
}