{
  "acc": 0.7,
  "agr": 0.3774457019794722,
  "models_acc": 0.79,
  "models_agr": 0.5225641025641026
}