{
  "acc": 0.62,
  "agr": 0.23702146626599052,
  "models_acc": 0.48,
  "models_agr": -0.03739999999999988
}