{
  "acc": 0.625,
  "agr": 0.1713591909282064,
  "models_acc": 0.82,
  "models_agr": 0.4680788031402755
}