{
  "acc": 0.815,
  "agr": 0.6299324503308064,
  "models_acc": 0.88,
  "models_agr": 0.7605760576057605
}