{
  "acc": 0.8275,
  "agr": 0.6556839410326637,
  "models_acc": 0.895,
  "models_agr": 0.7903939962476547
}