{
  "acc": 0.7424999999999999,
  "agr": 0.4759920992975451,
  "models_acc": 0.675,
  "models_agr": 0.34887399261881447
}