{
  "acc": 0.6675,
  "agr": 0.292841305036427,
  "models_acc": 0.965,
  "models_agr": 0.9086986368539767
}