{
  "acc": 0.795,
  "agr": 0.5880465785544067,
  "models_acc": 0.91,
  "models_agr": 0.8157327586206897
}