{
  "acc": 0.5875,
  "agr": 0.09176486934706779,
  "models_acc": 0.695,
  "models_agr": 0.07494964083463196
}