{
  "acc": 0.6174999999999999,
  "agr": 0.13711304114635087,
  "models_acc": 0.805,
  "models_agr": 0.30254134731746674
}