{
  "acc": 0.5549999999999999,
  "agr": 0.0713409936487655,
  "models_acc": 0.61,
  "models_agr": 0.0737500000000001
}