{
  "acc": 0.7224999999999999,
  "agr": 0.4323309972045197,
  "models_acc": 0.665,
  "models_agr": 0.3316582914572864
}