{
  "acc": 0.7975000000000001,
  "agr": 0.5948973143759874,
  "models_acc": 0.935,
  "models_agr": 0.869144024824037
}