{
  "acc": 0.585,
  "agr": 0.04465735951442257,
  "models_acc": 0.83,
  "models_agr": 0.3350000000000001
}