{
  "acc": 0.495,
  "agr": -0.21270106698063895,
  "models_acc": 0.07,
  "models_agr": -0.8583233173076925
}