{
  "acc": 0.7575000000000001,
  "agr": 0.5161575004375984,
  "models_acc": 0.945,
  "models_agr": 0.8902722568064202
}