{
  "acc": 0.56,
  "agr": -0.010691361589855952,
  "models_acc": 0.74,
  "models_agr": 0.05879150789330423
}