{
  "acc": 0.7,
  "agr": 0.3993924562578655,
  "models_acc": 0.67,
  "models_agr": 0.33840820018088635
}