{
  "acc": 0.7275,
  "agr": 0.4461821035509153,
  "models_acc": 0.775,
  "models_agr": 0.5293701344656758
}