{
  "acc": 0.7375,
  "agr": 0.4676579157587767,
  "models_acc": 0.685,
  "models_agr": 0.370299857210852
}