{
  "acc": 0.745,
  "agr": 0.4866333258241346,
  "models_acc": 0.81,
  "models_agr": 0.6122250639386189
}