{
  "acc": 0.6425000000000001,
  "agr": 0.2724666407516446,
  "models_acc": 0.635,
  "models_agr": 0.25389994620763845
}