{
  "acc": 0.7275,
  "agr": 0.43574163954098855,
  "models_acc": 0.705,
  "models_agr": 0.370544666969705
}