{
  "acc": 0.82,
  "agr": 0.6401622596153846,
  "models_acc": 0.98,
  "models_agr": 0.9598429951690821
}