{
  "acc": 0.7525,
  "agr": 0.4967637681735444,
  "models_acc": 0.725,
  "models_agr": 0.4395924308588064
}