{
  "acc": 0.52,
  "agr": -0.22016238794762288,
  "models_acc": 0.93,
  "models_agr": 0.1876090750436301
}