{
  "acc": 0.53,
  "agr": -0.19067674559786452,
  "models_acc": 0.92,
  "models_agr": 0.07155322862129154
}