{
  "acc": 0.745,
  "agr": 0.47768213123989167,
  "models_acc": 0.67,
  "models_agr": 0.34158415841584155
}