{
  "acc": 0.54,
  "agr": -0.14076790376879644,
  "models_acc": 0.93,
  "models_agr": 0.42554504319210196
}