{
  "acc": 0.8225,
  "agr": 0.6455116580968527,
  "models_acc": 0.945,
  "models_agr": 0.889942074776198
}