{
  "acc": 0.575,
  "agr": 0.09065315315315314,
  "models_acc": 0.99,
  "models_agr": 0.9730368968779565
}