{
  "acc": 0.715,
  "agr": 0.4309334854759514,
  "models_acc": 0.75,
  "models_agr": 0.5004507211538461
}