{
  "acc": 0.71,
  "agr": 0.4195184070506046,
  "models_acc": 0.87,
  "models_agr": 0.7385321100917431
}