{
  "acc": 0.615,
  "agr": 0.22555390865173475,
  "models_acc": 0.72,
  "models_agr": 0.42477602718566576
}