{
  "acc": 0.7075,
  "agr": 0.41320272016806775,
  "models_acc": 0.705,
  "models_agr": 0.4107531726364797
}