{
  "acc": 0.525,
  "agr": 0.048732682436826436,
  "models_acc": 0.59,
  "models_agr": 0.17203158214394165
}