{
  "acc": 0.7825,
  "agr": 0.5644850988310116,
  "models_acc": 0.815,
  "models_agr": 0.6308419394363732
}