{
  "acc": 0.665,
  "agr": 0.3037203797959246,
  "models_acc": 0.72,
  "models_agr": 0.3411958957424225
}