{
  "acc": 0.75,
  "agr": 0.49286404926481403,
  "models_acc": 0.68,
  "models_agr": 0.35929345644319555
}