{
  "acc": 0.6925,
  "agr": 0.36384774504433914,
  "models_acc": 0.585,
  "models_agr": 0.17155722326454026
}