{
  "acc": 0.73,
  "agr": 0.44618943279750306,
  "models_acc": 0.83,
  "models_agr": 0.6221590909090909
}