{
  "acc": 0.525,
  "agr": -0.12443984204654929,
  "models_acc": 0.74,
  "models_agr": -0.017058823529411793
}