{
  "acc": 0.805,
  "agr": 0.6103515625,
  "models_acc": 0.86,
  "models_agr": 0.7206720672067206
}