{
  "acc": 0.765,
  "agr": 0.5309284131295724,
  "models_acc": 0.83,
  "models_agr": 0.6605444900410369
}