{
  "acc": 0.7175,
  "agr": 0.4356087220968282,
  "models_acc": 0.855,
  "models_agr": 0.7094976274760865
}