{
  "acc": 0.7525,
  "agr": 0.49700820538198487,
  "models_acc": 0.705,
  "models_agr": 0.40491417882150715
}