{
  "acc": 0.605,
  "agr": 0.17338038493968794,
  "models_acc": 0.56,
  "models_agr": 0.03538461538461546
}