{
  "acc": 0.815,
  "agr": 0.6307720550444675,
  "models_acc": 0.92,
  "models_agr": 0.8402562306075467
}