{
  "acc": 0.6675,
  "agr": 0.2836697386712636,
  "models_acc": 0.845,
  "models_agr": 0.5849189570119804
}