{
  "acc": 0.8125,
  "agr": 0.625703446668163,
  "models_acc": 0.925,
  "models_agr": 0.8501914845685965
}