{
  "acc": 0.6425000000000001,
  "agr": 0.26952715794001847,
  "models_acc": 0.605,
  "models_agr": 0.21148217636022504
}