{
  "acc": 0.815,
  "agr": 0.6307283290635138,
  "models_acc": 0.93,
  "models_agr": 0.8602242017816034
}