{
  "acc": 0.7475,
  "agr": 0.49413850025149714,
  "models_acc": 0.795,
  "models_agr": 0.588048651507139
}