{
  "acc": 0.73,
  "agr": 0.4574826649213372,
  "models_acc": 0.78,
  "models_agr": 0.5546875
}