{
  "acc": 0.6799999999999999,
  "agr": 0.33416930358591307,
  "models_acc": 0.82,
  "models_agr": 0.5764830758344145
}