{
  "acc": 0.7925,
  "agr": 0.582829858927647,
  "models_acc": 0.845,
  "models_agr": 0.6821207370666393
}