{
  "acc": 0.745,
  "agr": 0.4848534826811978,
  "models_acc": 0.73,
  "models_agr": 0.46048677884615385
}