{
  "acc": 0.8125,
  "agr": 0.624741035081813,
  "models_acc": 0.885,
  "models_agr": 0.7684855823809884
}