{
  "acc": 0.7525,
  "agr": 0.5014537004782706,
  "models_acc": 0.925,
  "models_agr": 0.8456479690522244
}