{
  "acc": 0.6325000000000001,
  "agr": 0.2383227456480489,
  "models_acc": 0.555,
  "models_agr": 0.10845823604729987
}