{
  "acc": 0.6225,
  "agr": 0.22294449557545148,
  "models_acc": 0.625,
  "models_agr": 0.23580786026200873
}