{
  "acc": 0.53,
  "agr": -0.11168793891620732,
  "models_acc": 0.82,
  "models_agr": 0.08299284984678246
}