{
  "acc": 0.7,
  "agr": 0.3767943799935176,
  "models_acc": 0.75,
  "models_agr": 0.451923076923077
}