{
  "acc": 0.62,
  "agr": 0.24164448576505215,
  "models_acc": 0.6,
  "models_agr": 0.20072115384615385
}