{
  "acc": 0.74,
  "agr": 0.4720528332171129,
  "models_acc": 0.81,
  "models_agr": 0.59568
}