{
  "acc": 0.73,
  "agr": 0.4505760086067778,
  "models_acc": 0.72,
  "models_agr": 0.4411764705882353
}