{
  "acc": 0.7675000000000001,
  "agr": 0.5338908337709318,
  "models_acc": 0.835,
  "models_agr": 0.6671553881544023
}