{
  "acc": 0.8200000000000001,
  "agr": 0.6408640864086408,
  "models_acc": 0.93,
  "models_agr": 0.8603360336033603
}