{
  "acc": 0.745,
  "agr": 0.48776227010694956,
  "models_acc": 0.81,
  "models_agr": 0.6154119318181819
}