{
  "acc": 0.7475,
  "agr": 0.4937863564251719,
  "models_acc": 0.835,
  "models_agr": 0.6637554585152838
}