{
  "acc": 0.5425,
  "agr": -0.03467238594635175,
  "models_acc": 0.785,
  "models_agr": 0.21207807118254873
}