{
  "acc": 0.5225,
  "agr": -0.12763058431857277,
  "models_acc": 0.815,
  "models_agr": 0.07586854460093895
}