{
  "acc": 0.7150000000000001,
  "agr": 0.4309823731515532,
  "models_acc": 0.68,
  "models_agr": 0.36102492243018713
}