{
  "acc": 0.7324999999999999,
  "agr": 0.46445725603074195,
  "models_acc": 0.765,
  "models_agr": 0.5305999849816025
}