{
  "acc": 0.7324999999999999,
  "agr": 0.46602865912070734,
  "models_acc": 0.775,
  "models_agr": 0.5505744537057896
}