{
  "acc": 0.6225,
  "agr": 0.14655430711610484,
  "models_acc": 0.855,
  "models_agr": 0.4686107921928817
}