{
  "acc": 0.745,
  "agr": 0.4910714285714286,
  "models_acc": 0.92,
  "models_agr": 0.8402562306075467
}