{
  "acc": 0.8225,
  "agr": 0.6457763658587888,
  "models_acc": 0.905,
  "models_agr": 0.8103564727954972
}