{
  "acc": 0.5175000000000001,
  "agr": -0.0204383410138248,
  "models_acc": 0.635,
  "models_agr": 0.070938726037447
}