{
  "acc": 0.685,
  "agr": 0.35816553973389165,
  "models_acc": 0.71,
  "models_agr": 0.41299715909090906
}