{
  "acc": 0.8374999999999999,
  "agr": 0.6757924236134706,
  "models_acc": 0.925,
  "models_agr": 0.8503413267985297
}