{
  "acc": 0.52,
  "agr": -0.252994773089916,
  "models_acc": 0.97,
  "models_agr": 0.2366071428571428
}