{
  "acc": 0.74,
  "agr": 0.47407649111019723,
  "models_acc": 0.74,
  "models_agr": 0.48083274947452703
}