{
  "acc": 0.7050000000000001,
  "agr": 0.3876811017656839,
  "models_acc": 0.68,
  "models_agr": 0.32258064516129037
}