{
  "acc": 0.7375,
  "agr": 0.47488221234774164,
  "models_acc": 0.795,
  "models_agr": 0.5892897491903292
}