{
  "acc": 0.5625,
  "agr": 0.10636211589529726,
  "models_acc": 0.585,
  "models_agr": 0.13575510843184835
}