{
  "acc": 0.745,
  "agr": 0.4820984513316882,
  "models_acc": 0.73,
  "models_agr": 0.45695130557515873
}