{
  "acc": 0.71,
  "agr": 0.40537191264609096,
  "models_acc": 0.67,
  "models_agr": 0.33627381792519406
}