{
  "acc": 0.8225,
  "agr": 0.6456666786300166,
  "models_acc": 0.895,
  "models_agr": 0.7902680783960352
}