{
  "acc": 0.5575,
  "agr": -0.05856635634683327,
  "models_acc": 0.905,
  "models_agr": 0.46153846153846156
}