{
  "acc": 0.6525000000000001,
  "agr": 0.3055798938848841,
  "models_acc": 0.835,
  "models_agr": 0.6684294024325754
}