{
  "acc": 0.6174999999999999,
  "agr": 0.20081270923564692,
  "models_acc": 0.515,
  "models_agr": 0.032400810020250526
}