{
  "acc": 0.795,
  "agr": 0.5879715266229957,
  "models_acc": 0.94,
  "models_agr": 0.8771551724137931
}