{
  "acc": 0.6125,
  "agr": 0.20993720054542953,
  "models_acc": 0.575,
  "models_agr": 0.15210380259506484
}