{
  "acc": 0.56,
  "agr": -0.021439999999999904,
  "models_acc": 0.83,
  "models_agr": 0.2503315649867375
}