{
  "acc": 0.75,
  "agr": 0.49486221392816393,
  "models_acc": 0.76,
  "models_agr": 0.5204326923076923
}