{
  "acc": 0.7375,
  "agr": 0.471195410264461,
  "models_acc": 0.785,
  "models_agr": 0.5631127294950473
}