{
  "acc": 0.825,
  "agr": 0.6504116238760601,
  "models_acc": 0.93,
  "models_agr": 0.859845443596949
}