{
  "acc": 0.7475,
  "agr": 0.48380143620769206,
  "models_acc": 0.705,
  "models_agr": 0.3969876277568585
}