{
  "acc": 0.8225,
  "agr": 0.6449003776756723,
  "models_acc": 0.885,
  "models_agr": 0.7704315196998124
}