{
  "acc": 0.71,
  "agr": 0.4167254763585039,
  "models_acc": 0.76,
  "models_agr": 0.521152115211521
}