{
  "acc": 0.83,
  "agr": 0.6608085953067784,
  "models_acc": 0.94,
  "models_agr": 0.8801921729556601
}