{
  "acc": 0.5575,
  "agr": -0.012128291599035612,
  "models_acc": 0.815,
  "models_agr": 0.2662160147124608
}