{
  "acc": 0.655,
  "agr": 0.300576127285642,
  "models_acc": 0.78,
  "models_agr": 0.5365853658536586
}