{
  "acc": 0.73,
  "agr": 0.45757060431217733,
  "models_acc": 0.73,
  "models_agr": 0.45999999999999996
}