{
  "acc": 0.79,
  "agr": 0.5806664612960568,
  "models_acc": 0.85,
  "models_agr": 0.7004804323891503
}