{
  "acc": 0.6275,
  "agr": 0.22835266487730055,
  "models_acc": 0.495,
  "models_agr": -0.0075001875046876165
}