{
  "acc": 0.5425,
  "agr": -0.07717843953799014,
  "models_acc": 0.805,
  "models_agr": 0.09523809523809534
}