{
  "acc": 0.7625,
  "agr": 0.5253281976531322,
  "models_acc": 0.825,
  "models_agr": 0.6507964291965693
}