{
  "acc": 0.65,
  "agr": 0.26749106960049457,
  "models_acc": 0.56,
  "models_agr": 0.11654589371980684
}