{
  "acc": 0.5375000000000001,
  "agr": -0.18357584495156776,
  "models_acc": 0.945,
  "models_agr": 0.24
}