{
  "acc": 0.8175,
  "agr": 0.635773894462617,
  "models_acc": 0.905,
  "models_agr": 0.8103564727954972
}