{
  "acc": 0.5625,
  "agr": 0.03215207224641198,
  "models_acc": 0.735,
  "models_agr": 0.14973262032085566
}