{
  "acc": 0.715,
  "agr": 0.4266212303321678,
  "models_acc": 0.77,
  "models_agr": 0.5388905637624359
}