{
  "acc": 0.7625,
  "agr": 0.5256669940196999,
  "models_acc": 0.855,
  "models_agr": 0.7098472880463402
}