{
  "acc": 0.5075000000000001,
  "agr": -0.16697560932683264,
  "models_acc": 0.155,
  "models_agr": -0.6868292682926831
}