{
  "acc": 0.7625,
  "agr": 0.5225372243099042,
  "models_acc": 0.725,
  "models_agr": 0.45103189493433393
}