{
  "acc": 0.5549999999999999,
  "agr": 0.11028052433350793,
  "models_acc": 0.53,
  "models_agr": 0.05631038647343001
}