{
  "acc": 0.72,
  "agr": 0.43229183285922534,
  "models_acc": 0.84,
  "models_agr": 0.6612903225806452
}