{
  "acc": 0.7825,
  "agr": 0.565289263955806,
  "models_acc": 0.945,
  "models_agr": 0.889942074776198
}