{
  "acc": 0.355,
  "agr": -0.30271197557960594,
  "models_acc": 0.55,
  "models_agr": 0.10189075630252109
}