{
  "acc": 0.805,
  "agr": 0.609916796082316,
  "models_acc": 0.84,
  "models_agr": 0.6802884615384615
}