{
  "acc": 0.81,
  "agr": 0.620855205268426,
  "models_acc": 0.92,
  "models_agr": 0.8403361344537815
}