{
  "acc": 0.6525000000000001,
  "agr": 0.25439078677892824,
  "models_acc": 0.835,
  "models_agr": 0.56957928802589
}