{
  "acc": 0.8274999999999999,
  "agr": 0.6547143967889457,
  "models_acc": 0.935,
  "models_agr": 0.8688793953335524
}