{
  "acc": 0.63,
  "agr": 0.18773035650216902,
  "models_acc": 0.72,
  "models_agr": 0.2450331125827815
}