{
  "acc": 0.655,
  "agr": 0.27088494325346785,
  "models_acc": 0.82,
  "models_agr": 0.5445205479452054
}