{
  "acc": 0.5225,
  "agr": -0.22152678441597096,
  "models_acc": 0.935,
  "models_agr": 0.10181818181818181
}