{
  "acc": 0.655,
  "agr": 0.2808861743244204,
  "models_acc": 0.77,
  "models_agr": 0.4588394857884185
}