{
  "acc": 0.62,
  "agr": 0.15318394585986217,
  "models_acc": 0.76,
  "models_agr": 0.2655315232397607
}