{
  "acc": 0.7024999999999999,
  "agr": 0.4051575495755281,
  "models_acc": 0.715,
  "models_agr": 0.4282086737900691
}