{
  "acc": 0.565,
  "agr": -0.005886194029850744,
  "models_acc": 0.82,
  "models_agr": 0.2543604651162791
}