{
  "acc": 0.8175,
  "agr": 0.6355969700303963,
  "models_acc": 0.895,
  "models_agr": 0.7900999524036173
}