{
  "acc": 0.655,
  "agr": 0.2505982417088651,
  "models_acc": 0.79,
  "models_agr": 0.42578125
}