{
  "acc": 0.7175,
  "agr": 0.4299129165025646,
  "models_acc": 0.775,
  "models_agr": 0.5314334925232913
}