{
  "acc": 0.8274999999999999,
  "agr": 0.6553095684803001,
  "models_acc": 0.975,
  "models_agr": 0.9499133840476011
}