{
  "acc": 0.4825,
  "agr": -0.19791991007432685,
  "models_acc": 0.605,
  "models_agr": -0.1772549019607843
}