{
  "acc": 0.8175,
  "agr": 0.6357274898702445,
  "models_acc": 0.905,
  "models_agr": 0.8102425471202223
}