{
  "acc": 0.8225,
  "agr": 0.6456932147387051,
  "models_acc": 0.885,
  "models_agr": 0.7704315196998124
}