{
  "acc": 0.83,
  "agr": 0.6606243938872717,
  "models_acc": 0.9,
  "models_agr": 0.8004201680672269
}