{
  "acc": 0.81,
  "agr": 0.6207129455909943,
  "models_acc": 0.91,
  "models_agr": 0.8201622596153846
}