{
  "acc": 0.75,
  "agr": 0.4971366716824524,
  "models_acc": 0.74,
  "models_agr": 0.48130000000000006
}