{
  "acc": 0.455,
  "agr": -0.15809864963303988,
  "models_acc": 0.33,
  "models_agr": -0.3400000000000001
}