{
  "acc": 0.73,
  "agr": 0.4587710749930884,
  "models_acc": 0.87,
  "models_agr": 0.7389794685990339
}