{
  "acc": 0.5375000000000001,
  "agr": -0.14211530598337196,
  "models_acc": 0.875,
  "models_agr": 0.00953232052427766
}