{
  "acc": 0.5275000000000001,
  "agr": 0.03012939371706802,
  "models_acc": 0.555,
  "models_agr": 0.00737945492662484
}