{
  "acc": 0.5774999999999999,
  "agr": 0.1549072557756005,
  "models_acc": 0.645,
  "models_agr": 0.2877686989314896
}