{
  "acc": 0.6375,
  "agr": 0.2602294173056584,
  "models_acc": 0.725,
  "models_agr": 0.40649087221095337
}