{
  "acc": 0.7275,
  "agr": 0.439565589744345,
  "models_acc": 0.645,
  "models_agr": 0.29161561351304044
}