{
  "acc": 0.52,
  "agr": -0.23006545138394463,
  "models_acc": 0.95,
  "models_agr": 0.26165803108808283
}