{
  "acc": 0.7475,
  "agr": 0.4872695301805106,
  "models_acc": 0.755,
  "models_agr": 0.5034666666666667
}