{
  "acc": 0.5375,
  "agr": -0.1066058453866437,
  "models_acc": 0.895,
  "models_agr": 0.45417236662106697
}