{
  "acc": 0.6025,
  "agr": 0.18608051447483748,
  "models_acc": 0.555,
  "models_agr": 0.0211692714793682
}