{
  "acc": 0.8125,
  "agr": 0.6250264091828428,
  "models_acc": 0.965,
  "models_agr": 0.9296668429402433
}