{
  "acc": 0.7775000000000001,
  "agr": 0.5536987474879341,
  "models_acc": 0.805,
  "models_agr": 0.6048
}