{
  "acc": 0.6375,
  "agr": 0.26762642772189194,
  "models_acc": 0.585,
  "models_agr": 0.16097894656836664
}