{
  "acc": 0.7925,
  "agr": 0.5833635538859443,
  "models_acc": 0.855,
  "models_agr": 0.7045123726346434
}