{
  "acc": 0.5974999999999999,
  "agr": 0.11471004773472682,
  "models_acc": 0.755,
  "models_agr": 0.26980392156862754
}