{
  "acc": 0.6375,
  "agr": 0.26757617254377236,
  "models_acc": 0.595,
  "models_agr": 0.19200480012000298
}