{
  "acc": 0.3775,
  "agr": -0.33382004056795134,
  "models_acc": 0.425,
  "models_agr": -0.14853195164075994
}