{
  "acc": 0.685,
  "agr": 0.3618443002780352,
  "models_acc": 0.74,
  "models_agr": 0.4749468569693288
}