{
  "acc": 0.8125,
  "agr": 0.6257185028577181,
  "models_acc": 0.905,
  "models_agr": 0.8102425471202223
}