{
  "acc": 0.645,
  "agr": 0.21901359651181468,
  "models_acc": 0.88,
  "models_agr": 0.6259375
}