{
  "acc": 0.73,
  "agr": 0.447292284479583,
  "models_acc": 0.71,
  "models_agr": 0.40625
}