{
  "acc": 0.755,
  "agr": 0.5027183005621396,
  "models_acc": 0.71,
  "models_agr": 0.41772342995169087
}