{
  "acc": 0.535,
  "agr": -0.18007344668968017,
  "models_acc": 0.94,
  "models_agr": 0.3036649214659686
}