{
  "acc": 0.83,
  "agr": 0.660241442370676,
  "models_acc": 0.9,
  "models_agr": 0.8001802884615384
}