{
  "acc": 0.8225,
  "agr": 0.6458651790327161,
  "models_acc": 0.935,
  "models_agr": 0.8702439024390244
}