{
  "acc": 0.685,
  "agr": 0.36966880770774785,
  "models_acc": 0.68,
  "models_agr": 0.3551515151515151
}