{
  "acc": 0.705,
  "agr": 0.40028753585152343,
  "models_acc": 0.71,
  "models_agr": 0.4209288359523571
}