{
  "acc": 0.7,
  "agr": 0.39999652663487634,
  "models_acc": 0.82,
  "models_agr": 0.6391317455532107
}