{
  "acc": 0.8274999999999999,
  "agr": 0.6557311303362982,
  "models_acc": 0.925,
  "models_agr": 0.8500713945740124
}