{
  "acc": 0.545,
  "agr": -0.11370151746919555,
  "models_acc": 0.99,
  "models_agr": 0.9281081081081081
}