{
  "acc": 0.7224999999999999,
  "agr": 0.4299866381335192,
  "models_acc": 0.665,
  "models_agr": 0.3242245759498471
}