{
  "acc": 0.8474999999999999,
  "agr": 0.6956059328046416,
  "models_acc": 0.915,
  "models_agr": 0.8303868370383336
}