{
  "acc": 0.71,
  "agr": 0.40618265309911694,
  "models_acc": 0.97,
  "models_agr": 0.933786923332227
}