{
  "acc": 0.5625,
  "agr": -0.03961877975990874,
  "models_acc": 0.735,
  "models_agr": -0.02263165530248079
}