{
  "acc": 0.73,
  "agr": 0.45185251197504733,
  "models_acc": 0.79,
  "models_agr": 0.5617219374411548
}