{
  "acc": 0.7875000000000001,
  "agr": 0.5740964924330884,
  "models_acc": 0.825,
  "models_agr": 0.6504467973267252
}