{
  "acc": 0.6225,
  "agr": 0.20542594469432118,
  "models_acc": 0.585,
  "models_agr": 0.13575510843184835
}