{
  "acc": 0.665,
  "agr": 0.32871161145754657,
  "models_acc": 0.67,
  "models_agr": 0.33627381792519406
}