{
  "acc": 0.6575,
  "agr": 0.2769266569028797,
  "models_acc": 0.825,
  "models_agr": 0.5597276080582616
}