{
  "acc": 0.7975000000000001,
  "agr": 0.5932476442569302,
  "models_acc": 0.915,
  "models_agr": 0.8262506724045185
}