{
  "acc": 0.75,
  "agr": 0.5010359244526079,
  "models_acc": 0.81,
  "models_agr": 0.62095
}