{
  "acc": 0.5225,
  "agr": -0.2061259710451977,
  "models_acc": 0.915,
  "models_agr": 0.06299212598425197
}