{
  "acc": 0.645,
  "agr": 0.21659270154734583,
  "models_acc": 0.78,
  "models_agr": 0.3386075949367089
}