{
  "acc": 0.82,
  "agr": 0.639985873975105,
  "models_acc": 0.93,
  "models_agr": 0.8592095977417078
}