{
  "acc": 0.64,
  "agr": 0.24311351922822788,
  "models_acc": 0.53,
  "models_agr": 0.05631038647343001
}