{
  "acc": 0.6275,
  "agr": 0.17355277854542078,
  "models_acc": 0.845,
  "models_agr": 0.4925538461538461
}