{
  "acc": 0.74,
  "agr": 0.47167859005699503,
  "models_acc": 0.82,
  "models_agr": 0.6189516129032258
}