{
  "acc": 0.8325,
  "agr": 0.6653676294325933,
  "models_acc": 0.875,
  "models_agr": 0.7505688779975495
}