{
  "acc": 0.7525,
  "agr": 0.4992677801396903,
  "models_acc": 0.725,
  "models_agr": 0.45103189493433393
}