{
  "acc": 0.7725,
  "agr": 0.5407007360054864,
  "models_acc": 0.775,
  "models_agr": 0.5470370090062817
}