{
  "acc": 0.75,
  "agr": 0.4926205594829979,
  "models_acc": 0.74,
  "models_agr": 0.4749468569693288
}