{
  "acc": 0.6325000000000001,
  "agr": 0.23001723774988475,
  "models_acc": 0.645,
  "models_agr": 0.1444233034339042
}