{
  "acc": 0.7475,
  "agr": 0.48745561315001085,
  "models_acc": 0.735,
  "models_agr": 0.46543138097525216
}