{
  "acc": 0.7225,
  "agr": 0.42822687426566336,
  "models_acc": 0.645,
  "models_agr": 0.2822831952572775
}