{
  "acc": 0.68,
  "agr": 0.3222983881749469,
  "models_acc": 0.94,
  "models_agr": 0.8463611859838275
}