{
  "acc": 0.8225,
  "agr": 0.6451657043599563,
  "models_acc": 0.915,
  "models_agr": 0.8297055057618438
}