{
  "acc": 0.725,
  "agr": 0.4292189413187722,
  "models_acc": 0.6,
  "models_agr": 0.20168067226890762
}