{
  "acc": 0.8225,
  "agr": 0.6450880533079486,
  "models_acc": 0.915,
  "models_agr": 0.8291909042834479
}