{
  "acc": 0.6675,
  "agr": 0.3155184331797235,
  "models_acc": 0.575,
  "models_agr": 0.14076157178688153
}