{
  "acc": 0.7275,
  "agr": 0.45220133631216636,
  "models_acc": 0.745,
  "models_agr": 0.48973143759873616
}