{
  "acc": 0.7725,
  "agr": 0.5426306200264448,
  "models_acc": 0.765,
  "models_agr": 0.531163279081977
}