{
  "acc": 0.815,
  "agr": 0.630603317242782,
  "models_acc": 0.93,
  "models_agr": 0.8602941176470589
}