{
  "acc": 0.79,
  "agr": 0.5797788309636651,
  "models_acc": 0.87,
  "models_agr": 0.7406240624062406
}