{
  "acc": 0.7125,
  "agr": 0.41533429307264436,
  "models_acc": 0.835,
  "models_agr": 0.6459627329192547
}