{
  "acc": 0.72,
  "agr": 0.43204790759202855,
  "models_acc": 0.8,
  "models_agr": 0.5807061790668349
}