{
  "acc": 0.5575,
  "agr": -0.05856635634683327,
  "models_acc": 0.895,
  "models_agr": 0.40485829959514164
}