{
  "acc": 0.755,
  "agr": 0.5104133572669833,
  "models_acc": 0.77,
  "models_agr": 0.54115
}