{
  "acc": 0.6575,
  "agr": 0.315506336815927,
  "models_acc": 0.835,
  "models_agr": 0.6706191369606003
}