{
  "acc": 0.73,
  "agr": 0.4609949614588529,
  "models_acc": 0.77,
  "models_agr": 0.5409663865546219
}