{
  "acc": 0.7375,
  "agr": 0.4647848404769275,
  "models_acc": 0.705,
  "models_agr": 0.4081458202388435
}