{
  "acc": 0.4425,
  "agr": -0.1240962018996421,
  "models_acc": 0.375,
  "models_agr": -0.24690617265431647
}