{
  "acc": 0.6725,
  "agr": 0.32543916979794624,
  "models_acc": 0.595,
  "models_agr": 0.1915196998123827
}