{
  "acc": 0.6375,
  "agr": 0.25334225621950024,
  "models_acc": 0.535,
  "models_agr": 0.07230180754518867
}