{
  "acc": 0.7475,
  "agr": 0.47767190624339445,
  "models_acc": 0.805,
  "models_agr": 0.5738930419781484
}