{
  "acc": 0.5874999999999999,
  "agr": 0.17460956852885723,
  "models_acc": 0.595,
  "models_agr": 0.1903855306996669
}