{
  "acc": 0.8275,
  "agr": 0.6553744236982939,
  "models_acc": 0.895,
  "models_agr": 0.7893400377121307
}