{
  "acc": 0.615,
  "agr": 0.13094654930475824,
  "models_acc": 0.85,
  "models_agr": 0.45699510070767557
}