{
  "acc": 0.625,
  "agr": 0.1891384615384616,
  "models_acc": 0.75,
  "models_agr": 0.2959486166007905
}