{
  "acc": 0.5974999999999999,
  "agr": 0.15693005588700404,
  "models_acc": 0.555,
  "models_agr": 0.00737945492662484
}