{
  "acc": 0.745,
  "agr": 0.48336832196646773,
  "models_acc": 0.75,
  "models_agr": 0.49803743961352664
}