{
  "acc": 0.78,
  "agr": 0.5565793525797649,
  "models_acc": 0.79,
  "models_agr": 0.5810081008100809
}