{
  "acc": 0.725,
  "agr": 0.44233804617264244,
  "models_acc": 0.82,
  "models_agr": 0.6189516129032258
}