{
  "acc": 0.63,
  "agr": 0.22401289768115923,
  "models_acc": 0.55,
  "models_agr": 0.10189075630252109
}