{
  "acc": 0.815,
  "agr": 0.6304735334517412,
  "models_acc": 0.89,
  "models_agr": 0.7797571256523484
}