{
  "acc": 0.74,
  "agr": 0.48030198694297366,
  "models_acc": 0.79,
  "models_agr": 0.579536330790847
}