{
  "acc": 0.5449999999999999,
  "agr": -0.02347699512689072,
  "models_acc": 0.65,
  "models_agr": -0.01726398601398582
}