{
  "acc": 0.6875,
  "agr": 0.3453924884873765,
  "models_acc": 0.745,
  "models_agr": 0.4179181326696988
}