{
  "acc": 0.8025,
  "agr": 0.6049144879575596,
  "models_acc": 0.885,
  "models_agr": 0.7692771841609051
}