{
  "acc": 0.715,
  "agr": 0.42369615679533523,
  "models_acc": 0.76,
  "models_agr": 0.4968474148802018
}