{
  "acc": 0.8225,
  "agr": 0.6456111316394689,
  "models_acc": 0.895,
  "models_agr": 0.7900999524036173
}