{
  "acc": 0.6325000000000001,
  "agr": 0.18176038722369414,
  "models_acc": 0.795,
  "models_agr": 0.3288615384615384
}