{
  "acc": 0.73,
  "agr": 0.45589262396808006,
  "models_acc": 0.77,
  "models_agr": 0.541104110411041
}