{
  "acc": 0.8225,
  "agr": 0.6458504594783827,
  "models_acc": 0.965,
  "models_agr": 0.9301313320825516
}