{
  "acc": 0.7424999999999999,
  "agr": 0.47938082050161374,
  "models_acc": 0.845,
  "models_agr": 0.679816727498641
}