{
  "acc": 0.7275,
  "agr": 0.44606441819060655,
  "models_acc": 0.715,
  "models_agr": 0.42969984202211686
}