{
  "acc": 0.7324999999999999,
  "agr": 0.45770058183324547,
  "models_acc": 0.735,
  "models_agr": 0.46543138097525216
}