{
  "acc": 0.765,
  "agr": 0.5284583776914374,
  "models_acc": 0.84,
  "models_agr": 0.6796467282215978
}