{
  "acc": 0.7575000000000001,
  "agr": 0.5107913043478262,
  "models_acc": 0.765,
  "models_agr": 0.5305999849816025
}