{
  "acc": 0.785,
  "agr": 0.5674725516029864,
  "models_acc": 0.8,
  "models_agr": 0.6009600960096009
}