{
  "acc": 0.735,
  "agr": 0.46902187127497436,
  "models_acc": 0.79,
  "models_agr": 0.579536330790847
}