{
  "acc": 0.8225,
  "agr": 0.645712659056092,
  "models_acc": 0.895,
  "models_agr": 0.7904778575179415
}