{
  "acc": 0.365,
  "agr": -0.355463789035681,
  "models_acc": 0.45,
  "models_agr": -0.09735973597359737
}