{
  "acc": 0.7575000000000001,
  "agr": 0.5137882083415721,
  "models_acc": 0.785,
  "models_agr": 0.5653264421980695
}