{
  "acc": 0.7975,
  "agr": 0.5958831545921361,
  "models_acc": 0.895,
  "models_agr": 0.7905197629940748
}