{
  "acc": 0.54,
  "agr": -0.1510054712270188,
  "models_acc": 0.1,
  "models_agr": -0.7962184873949578
}