{
  "acc": 0.6375,
  "agr": 0.2749775600179199,
  "models_acc": 0.895,
  "models_agr": 0.7900999524036173
}