{
  "acc": 0.715,
  "agr": 0.4172814238133714,
  "models_acc": 0.84,
  "models_agr": 0.6514903373730756
}