{
  "acc": 0.565,
  "agr": -0.04163518297811647,
  "models_acc": 0.87,
  "models_agr": 0.3100558659217877
}