{
  "acc": 0.8274999999999999,
  "agr": 0.6558404284139506,
  "models_acc": 0.945,
  "models_agr": 0.8902503063189218
}