{
  "acc": 0.8125,
  "agr": 0.625864530541835,
  "models_acc": 0.885,
  "models_agr": 0.7704315196998124
}