{
  "acc": 0.7525,
  "agr": 0.498692036894952,
  "models_acc": 0.755,
  "models_agr": 0.5057761824110822
}