{
  "acc": 0.5175000000000001,
  "agr": -0.09668647494328841,
  "models_acc": 0.715,
  "models_agr": -0.07121661721068251
}