{
  "acc": 0.7625,
  "agr": 0.5229315260017201,
  "models_acc": 0.815,
  "models_agr": 0.6309157728943224
}