{
  "acc": 0.7825,
  "agr": 0.564150783960709,
  "models_acc": 0.795,
  "models_agr": 0.5907692307692307
}