{
  "acc": 0.5525,
  "agr": -0.059712310048001815,
  "models_acc": 0.835,
  "models_agr": 0.20637695135917067
}