{
  "acc": 0.725,
  "agr": 0.4395924308588064,
  "models_acc": 0.85,
  "models_agr": 0.67529296875
}