{
  "acc": 0.6725000000000001,
  "agr": 0.3185604390987734,
  "models_acc": 0.575,
  "models_agr": 0.15159474671669793
}