{
  "acc": 0.7424999999999999,
  "agr": 0.47024440025700104,
  "models_acc": 0.705,
  "models_agr": 0.3882117518646534
}