{
  "acc": 0.5225,
  "agr": -0.12610069780751965,
  "models_acc": 0.785,
  "models_agr": -0.07399061032863852
}