{
  "acc": 0.72,
  "agr": 0.4321210942887044,
  "models_acc": 0.76,
  "models_agr": 0.5116279069767442
}