{
  "acc": 0.715,
  "agr": 0.4242729453102184,
  "models_acc": 0.74,
  "models_agr": 0.4779589371980677
}