{
  "acc": 0.545,
  "agr": 0.008747652417491314,
  "models_acc": 0.38,
  "models_agr": -0.23801421279151236
}