{
  "acc": 0.72,
  "agr": 0.43207867527803523,
  "models_acc": 0.79,
  "models_agr": 0.5635937499999999
}