{
  "acc": 0.7175,
  "agr": 0.4319300629354217,
  "models_acc": 0.755,
  "models_agr": 0.4975456811698492
}