{
  "acc": 0.6025,
  "agr": 0.16169953118717184,
  "models_acc": 0.675,
  "models_agr": 0.23879545654662315
}