{
  "acc": 0.6925,
  "agr": 0.38169874994856606,
  "models_acc": 0.645,
  "models_agr": 0.29090636029135697
}