{
  "acc": 0.745,
  "agr": 0.48907565278757936,
  "models_acc": 0.91,
  "models_agr": 0.8186363636363636
}