{
  "acc": 0.8025,
  "agr": 0.6046600249463989,
  "models_acc": 0.835,
  "models_agr": 0.6704212660509123
}