{
  "acc": 0.6825000000000001,
  "agr": 0.3599546739324183,
  "models_acc": 0.685,
  "models_agr": 0.3658518126087944
}