{
  "acc": 0.7175,
  "agr": 0.4294433810831933,
  "models_acc": 0.715,
  "models_agr": 0.4307276413606669
}