{
  "acc": 0.6025,
  "agr": 0.13433287914313685,
  "models_acc": 0.715,
  "models_agr": 0.20342544919617533
}