{
  "acc": 0.72,
  "agr": 0.4267382801499078,
  "models_acc": 0.68,
  "models_agr": 0.360576923076923
}