{
  "acc": 0.53,
  "agr": -0.1902334332455733,
  "models_acc": 0.93,
  "models_agr": 0.1876090750436301
}