{
  "acc": 0.715,
  "agr": 0.41456820967098684,
  "models_acc": 0.66,
  "models_agr": 0.3214285714285715
}