{
  "acc": 0.8049999999999999,
  "agr": 0.6092948028640217,
  "models_acc": 0.82,
  "models_agr": 0.6409
}