{
  "acc": 0.645,
  "agr": 0.21207650188498162,
  "models_acc": 0.76,
  "models_agr": 0.3241106719367589
}