{
  "acc": 0.6525,
  "agr": 0.22734086922680524,
  "models_acc": 0.765,
  "models_agr": 0.32248274865421445
}