{
  "acc": 0.7224999999999999,
  "agr": 0.43743218785900545,
  "models_acc": 0.725,
  "models_agr": 0.44904722452361223
}