{
  "acc": 0.8125,
  "agr": 0.6252550725616006,
  "models_acc": 0.875,
  "models_agr": 0.7506187654691368
}