{
  "acc": 0.67,
  "agr": 0.3190586789554532,
  "models_acc": 0.59,
  "models_agr": 0.17537050105857444
}