{
  "acc": 0.82,
  "agr": 0.6405211891363443,
  "models_acc": 0.93,
  "models_agr": 0.8601262019230769
}