{
  "acc": 0.6775,
  "agr": 0.35414967990717633,
  "models_acc": 0.645,
  "models_agr": 0.2887700534759359
}