{
  "acc": 0.6575,
  "agr": 0.2912531195160451,
  "models_acc": 0.585,
  "models_agr": 0.16956292785676674
}