{
  "acc": 0.5825,
  "agr": 0.12964575245489846,
  "models_acc": 0.655,
  "models_agr": 0.1844841375633165
}