{
  "acc": 0.7275,
  "agr": 0.4509186754654642,
  "models_acc": 0.665,
  "models_agr": 0.3315245930334325
}