{
  "acc": 0.71,
  "agr": 0.408774015447902,
  "models_acc": 0.77,
  "models_agr": 0.5050695717829792
}