{
  "acc": 0.5225,
  "agr": -0.22690195537503033,
  "models_acc": 0.945,
  "models_agr": 0.1276088252832439
}