{
  "acc": 0.6275,
  "agr": 0.24356037470728253,
  "models_acc": 0.475,
  "models_agr": -0.04740118502962565
}