{
  "acc": 0.785,
  "agr": 0.5703523170853768,
  "models_acc": 0.87,
  "models_agr": 0.7404163747372635
}