{
  "acc": 0.77,
  "agr": 0.5362747924717999,
  "models_acc": 0.8,
  "models_agr": 0.5860566448801743
}