{
  "acc": 0.645,
  "agr": 0.2163720054151942,
  "models_acc": 0.82,
  "models_agr": 0.42809364548494977
}