{
  "acc": 0.815,
  "agr": 0.6307640682568212,
  "models_acc": 0.94,
  "models_agr": 0.8801921729556601
}