{
  "acc": 0.595,
  "agr": 0.08945885099055656,
  "models_acc": 0.81,
  "models_agr": 0.37149726413530093
}