{
  "acc": 0.835,
  "agr": 0.6707818491891494,
  "models_acc": 0.95,
  "models_agr": 0.90025
}