{
  "acc": 0.68,
  "agr": 0.35958692491483324,
  "models_acc": 0.77,
  "models_agr": 0.5365151515151515
}