{
  "acc": 0.725,
  "agr": 0.45037113440766197,
  "models_acc": 0.75,
  "models_agr": 0.5010504201680672
}