{
  "acc": 0.735,
  "agr": 0.46250600635511124,
  "models_acc": 0.69,
  "models_agr": 0.38055889423076916
}