{
  "acc": 0.7124999999999999,
  "agr": 0.4243253139655756,
  "models_acc": 0.765,
  "models_agr": 0.5308818011257035
}