{
  "acc": 0.715,
  "agr": 0.4165506628787879,
  "models_acc": 0.68,
  "models_agr": 0.3563867325335215
}