{
  "acc": 0.815,
  "agr": 0.6309050480048004,
  "models_acc": 0.9,
  "models_agr": 0.8004201680672269
}