{
  "acc": 0.8325,
  "agr": 0.6657655280667731,
  "models_acc": 0.955,
  "models_agr": 0.9102227555688892
}