{
  "acc": 0.8125,
  "agr": 0.6250928129462161,
  "models_acc": 0.895,
  "models_agr": 0.7904778575179415
}