{
  "acc": 0.735,
  "agr": 0.4629186117133595,
  "models_acc": 0.83,
  "models_agr": 0.6401209677419355
}