{
  "acc": 0.575,
  "agr": -0.008766250230499595,
  "models_acc": 0.82,
  "models_agr": 0.14985795454545447
}