{
  "acc": 0.665,
  "agr": 0.3129706252730591,
  "models_acc": 0.59,
  "models_agr": 0.1819681968196819
}