{
  "acc": 0.5425,
  "agr": 0.048634954146130505,
  "models_acc": 0.595,
  "models_agr": 0.042655291922154115
}