{
  "acc": 0.7475,
  "agr": 0.4959806158817923,
  "models_acc": 0.875,
  "models_agr": 0.7498683517640863
}