{
  "acc": 0.7324999999999999,
  "agr": 0.46261234967738696,
  "models_acc": 0.825,
  "models_agr": 0.6422807961269499
}