{
  "acc": 0.75,
  "agr": 0.49743685306030594,
  "models_acc": 0.75,
  "models_agr": 0.4962121212121212
}