{
  "acc": 0.74,
  "agr": 0.47932474763596156,
  "models_acc": 0.88,
  "models_agr": 0.7602163461538461
}