{
  "acc": 0.7875000000000001,
  "agr": 0.5757060193561581,
  "models_acc": 0.875,
  "models_agr": 0.7503191409476608
}