{
  "acc": 0.655,
  "agr": 0.26279058689024387,
  "models_acc": 0.41,
  "models_agr": -0.17893629807692313
}