{
  "acc": 0.6950000000000001,
  "agr": 0.389971705502653,
  "models_acc": 0.85,
  "models_agr": 0.7004804323891503
}