{
  "acc": 0.7675000000000001,
  "agr": 0.5342362273219308,
  "models_acc": 0.825,
  "models_agr": 0.6493936883332079
}