{
  "acc": 0.8,
  "agr": 0.600354508523298,
  "models_acc": 0.85,
  "models_agr": 0.7006302521008403
}