{
  "acc": 0.7475,
  "agr": 0.4864573527434104,
  "models_acc": 0.715,
  "models_agr": 0.4310694183864915
}