{
  "acc": 0.7024999999999999,
  "agr": 0.4041399619589385,
  "models_acc": 0.795,
  "models_agr": 0.5907692307692307
}