{
  "acc": 0.6275,
  "agr": 0.20328882581953805,
  "models_acc": 0.755,
  "models_agr": 0.3439041578576463
}