{
  "acc": 0.57,
  "agr": 0.13504829650164496,
  "models_acc": 0.51,
  "models_agr": 0.020000000000000018
}