{
  "acc": 0.515,
  "agr": -0.2574954747408261,
  "models_acc": 0.95,
  "models_agr": -0.023076923076923217
}