{
  "acc": 0.6525,
  "agr": 0.23415390117983692,
  "models_acc": 0.745,
  "models_agr": 0.28727540191236733
}