{
  "acc": 0.655,
  "agr": 0.2598309149933621,
  "models_acc": 0.8,
  "models_agr": 0.46799999999999997
}