{
  "acc": 0.74,
  "agr": 0.4777339562076462,
  "models_acc": 0.78,
  "models_agr": 0.557515878616796
}