{
  "acc": 0.7525,
  "agr": 0.4999743012812889,
  "models_acc": 0.755,
  "models_agr": 0.5106255162574154
}