{
  "acc": 0.755,
  "agr": 0.5073658800022293,
  "models_acc": 0.8,
  "models_agr": 0.5984299516908212
}