{
  "acc": 0.575,
  "agr": -0.015050551470588258,
  "models_acc": 0.87,
  "models_agr": 0.3100558659217877
}