{
  "acc": 0.7124999999999999,
  "agr": 0.4086715354561595,
  "models_acc": 0.975,
  "models_agr": 0.9429331502617352
}