{
  "acc": 0.565,
  "agr": -0.033554720454022524,
  "models_acc": 0.74,
  "models_agr": -0.017058823529411793
}