{
  "acc": 0.7775000000000001,
  "agr": 0.5542814551075873,
  "models_acc": 0.815,
  "models_agr": 0.6301761066158972
}