{
  "acc": 0.76,
  "agr": 0.5182575757575758,
  "models_acc": 0.77,
  "models_agr": 0.5394921718185468
}