{
  "acc": 0.75,
  "agr": 0.49616835074646204,
  "models_acc": 0.73,
  "models_agr": 0.46113445378151263
}