{
  "acc": 0.7525,
  "agr": 0.5035130912055411,
  "models_acc": 0.825,
  "models_agr": 0.64619594132401
}